index,image_link,group_id,entity_name,entity_value
0,https://m.media-amazon.com/images/I/61I9XdN6OFL.jpg,748919,item_weight,500.0 gram
1,https://m.media-amazon.com/images/I/71gSRbyXmoL.jpg,916768,item_volume,1.0 cup
2,https://m.media-amazon.com/images/I/61BZ4zrjZXL.jpg,459516,item_weight,0.709 gram
3,https://m.media-amazon.com/images/I/612mrlqiI4L.jpg,459516,item_weight,0.709 gram
4,https://m.media-amazon.com/images/I/617Tl40LOXL.jpg,731432,item_weight,1400 milligram
5,https://m.media-amazon.com/images/I/61QsBSE7jgL.jpg,731432,item_weight,1400 milligram
6,https://m.media-amazon.com/images/I/81xsq6vf2qL.jpg,731432,item_weight,1400 milligram
7,https://m.media-amazon.com/images/I/71DiLRHeZdL.jpg,731432,item_weight,1400 milligram
8,https://m.media-amazon.com/images/I/91Cma3RzseL.jpg,731432,item_weight,1400 milligram
9,https://m.media-amazon.com/images/I/71jBLhmTNlL.jpg,731432,item_weight,1400 milligram
10,https://m.media-amazon.com/images/I/81N73b5khVL.jpg,149159,item_weight,30.0 kilogram
11,https://m.media-amazon.com/images/I/61oMj2iXOuL.jpg,308856,item_weight,10 kilogram to 15 kilogram
12,https://m.media-amazon.com/images/I/91LPf6OjV9L.jpg,281678,item_weight,3.53 ounce
13,https://m.media-amazon.com/images/I/81fOxWWWKYL.jpg,281678,item_weight,3.53 ounce
14,https://m.media-amazon.com/images/I/81dzao1Ob4L.jpg,281678,item_weight,53 ounce
15,https://m.media-amazon.com/images/I/91-iahVGEDL.jpg,281678,item_weight,100 gram
16,https://m.media-amazon.com/images/I/81S2+GnYpTL.jpg,731432,item_weight,200 gram
17,https://m.media-amazon.com/images/I/81e2YtCOKvL.jpg,731432,item_weight,1 kilogram
18,https://m.media-amazon.com/images/I/81RNsNEM1EL.jpg,731432,item_weight,200 gram
19,https://m.media-amazon.com/images/I/91prZeizZnL.jpg,731432,item_weight,200 gram
20,https://m.media-amazon.com/images/I/31EvJszFVfL.jpg,731432,item_weight,200 gram
21,https://m.media-amazon.com/images/I/61wzlucTREL.jpg,252585,item_volume,4.0 gallon
22,https://m.media-amazon.com/images/I/61sQ+qAKr4L.jpg,299791,item_weight,2.7 gram
23,https://m.media-amazon.com/images/I/81x77l2T5NL.jpg,884560,item_weight,112 gram
24,https://m.media-amazon.com/images/I/71nywfWZUwL.jpg,179080,item_weight,4.1 kilogram
25,https://m.media-amazon.com/images/I/71nywfWZUwL.jpg,179080,voltage,48.0 volt
26,https://m.media-amazon.com/images/I/51WsuKKAVrL.jpg,866516,item_weight,158.0 gram
27,https://m.media-amazon.com/images/I/61XGDKap+JL.jpg,866516,item_weight,158.0 gram
28,https://m.media-amazon.com/images/I/715vVcWJxGL.jpg,459516,item_weight,5000 milligram
29,https://m.media-amazon.com/images/I/613v+2W4UwL.jpg,524635,item_weight,18.55 gram
30,https://m.media-amazon.com/images/I/71+fn9TWQmL.jpg,524635,item_weight,18.55 gram
31,https://m.media-amazon.com/images/I/71aKgRRQ2wL.jpg,524635,item_weight,18.55 gram
32,https://m.media-amazon.com/images/I/71rKXZJrh4L.jpg,524635,item_weight,18.55 gram
33,https://m.media-amazon.com/images/I/71D824lbRvL.jpg,524635,item_weight,18.55 gram
34,https://m.media-amazon.com/images/I/71004c9tzfL.jpg,730429,item_weight,50.0 gram
35,https://m.media-amazon.com/images/I/51bQPPtMqYL.jpg,881883,item_weight,26.0 gram
36,https://m.media-amazon.com/images/I/61o2ntPNNgL.jpg,179080,wattage,800.0 watt
37,https://m.media-amazon.com/images/I/61o2ntPNNgL.jpg,179080,voltage,36.0 volt
38,https://m.media-amazon.com/images/I/71IUuTJ8QwL.jpg,601746,item_weight,330.0 pound
39,https://m.media-amazon.com/images/I/915JHkwtcrL.jpg,487566,item_weight,31.0 ounce
40,https://m.media-amazon.com/images/I/71cjrYndwIL.jpg,794161,item_weight,0.35 ounce
41,https://m.media-amazon.com/images/I/81hnk2WXO3L.jpg,639090,item_weight,35.0 gram
42,https://m.media-amazon.com/images/I/61HXgujoxpL.jpg,752266,wattage,150.0 watt
43,https://m.media-amazon.com/images/I/613G8GOyLSL.jpg,752266,wattage,150.0 watt
44,https://m.media-amazon.com/images/I/71YyZ2iPyZL.jpg,752266,wattage,30.0 watt
45,https://m.media-amazon.com/images/I/81K3JwUCnQL.jpg,752266,wattage,30.0 watt
46,https://m.media-amazon.com/images/I/41wvffSxB4L.jpg,299791,item_weight,15.5 gram
47,https://m.media-amazon.com/images/I/91cErO-KbLL.jpg,237000,item_weight,200.0 gram
48,https://m.media-amazon.com/images/I/817vo3DcCNL.jpg,179080,wattage,250.0 watt
49,https://m.media-amazon.com/images/I/61AHQ35poHL.jpg,884560,item_volume,10.0 ounce
50,https://m.media-amazon.com/images/I/61WFh8RCQYL.jpg,844474,item_weight,0.8 kilogram
51,https://m.media-amazon.com/images/I/711SATIDrmL.jpg,709627,item_weight,169.0 gram
52,https://m.media-amazon.com/images/I/61x6RSjwQIL.jpg,299791,item_weight,10.0 gram
53,https://m.media-amazon.com/images/I/613BeFNwHcL.jpg,523149,item_weight,7.0 gram
54,https://m.media-amazon.com/images/I/61hWZdkq6WL.jpg,630390,item_weight,750.0 gram
55,https://m.media-amazon.com/images/I/71E7CU55dcL.jpg,810266,item_weight,160.0 gram
56,https://m.media-amazon.com/images/I/61c+hSNnnZL.jpg,748919,item_weight,270.0 gram
57,https://m.media-amazon.com/images/I/915w0BdW-gL.jpg,993359,item_weight,500 gram
58,https://m.media-amazon.com/images/I/61sx0ezNNLL.jpg,731432,item_weight,1 kilogram
59,https://m.media-amazon.com/images/I/71ldprwbKrL.jpg,731432,item_weight,10 kilogram
60,https://m.media-amazon.com/images/I/71E9iF-bmKL.jpg,731432,item_weight,1 kilogram
61,https://m.media-amazon.com/images/I/71sWRp1SNwL.jpg,731432,item_weight,2.2 pound
62,https://m.media-amazon.com/images/I/61Fwq4GeTmL.jpg,752266,wattage,60.0 watt
63,https://m.media-amazon.com/images/I/61-oj+N+BxL.jpg,459516,item_volume,30.0 millilitre
64,https://m.media-amazon.com/images/I/71e6kJLE+LL.jpg,459516,item_volume,30.0 millilitre
65,https://m.media-amazon.com/images/I/71SuzaRS7gL.jpg,459516,item_volume,30.0 millilitre
66,https://m.media-amazon.com/images/I/71nsfFCXF0L.jpg,459516,item_volume,30.0 millilitre
67,https://m.media-amazon.com/images/I/71hgN7yu9OL.jpg,459516,item_volume,30.0 millilitre
68,https://m.media-amazon.com/images/I/61SmT8pkLtL.jpg,529606,item_weight,2 ounce
69,https://m.media-amazon.com/images/I/71ZtDgGX+iL.jpg,299791,item_weight,8.1 gram
70,https://m.media-amazon.com/images/I/413FQB0ZMLL.jpg,308856,item_weight,2 kilogram
71,https://m.media-amazon.com/images/I/41EjbFu-+yL.jpg,308856,item_weight,10 kilogram
72,https://m.media-amazon.com/images/I/71dWDwMhWmS.jpg,681445,item_weight,500.0 kilogram
73,https://m.media-amazon.com/images/I/61d6Kj80QSL.jpg,365637,item_weight,200.0 gram
74,https://m.media-amazon.com/images/I/71bvOuz9w1L.jpg,365637,item_weight,200.0 gram
75,https://m.media-amazon.com/images/I/71l0M0tMGjL.jpg,365637,item_weight,200.0 gram
76,https://m.media-amazon.com/images/I/71Lpqdrpi4L.jpg,365637,item_weight,200.0 gram
77,https://m.media-amazon.com/images/I/71jLIbCcwOL.jpg,365637,item_weight,100.0 gram
78,https://m.media-amazon.com/images/I/718EdwGgyVL.jpg,365637,item_weight,200.0 gram
79,https://m.media-amazon.com/images/I/713twQgCHSL.jpg,487566,item_weight,5.0 kilogram
80,https://m.media-amazon.com/images/I/61I0O1qJbhS.jpg,767202,item_weight,60.0 pound
81,https://m.media-amazon.com/images/I/61eOO5IW4NL.jpg,369753,item_volume,3.0 cubic foot
82,https://m.media-amazon.com/images/I/716AQpAJjZL.jpg,731432,item_weight,227 gram
83,https://m.media-amazon.com/images/I/71FVeRd2jqL.jpg,709627,item_weight,100 gram
84,https://m.media-amazon.com/images/I/81njuNSPdjL.jpg,639090,item_weight,190.0 gram
85,https://m.media-amazon.com/images/I/51xfRlxWIXL.jpg,639090,item_weight,100.0 gram
86,https://m.media-amazon.com/images/I/71duwM3SjpL.jpg,459516,item_weight,600 milligram
87,https://m.media-amazon.com/images/I/612xIhPMHqL.jpg,630869,item_weight,3.2 gram
88,https://m.media-amazon.com/images/I/51b9JEHOriL.jpg,630869,item_weight,6.5 gram
89,https://m.media-amazon.com/images/I/81lgxfKqUUL.jpg,881883,item_weight,160.0 gram
90,https://m.media-amazon.com/images/I/814sAvV89SL.jpg,558374,item_weight,42.0 gram
91,https://m.media-amazon.com/images/I/61cMeogK8gL.jpg,601746,item_weight,26.0 gram
92,https://m.media-amazon.com/images/I/811VfR10yxL.jpg,752266,wattage,0.55 watt
93,https://m.media-amazon.com/images/I/71WLYfmMqQL.jpg,254449,item_weight,50.0 milligram
94,https://m.media-amazon.com/images/I/61Dq3LRei9L.jpg,523149,item_weight,10.0 kilogram
95,https://m.media-amazon.com/images/I/71XK5d3Oh9L.jpg,416664,wattage,49.0 watt
96,https://m.media-amazon.com/images/I/61kyBEJYDeL.jpg,459516,item_weight,500 milligram
97,https://m.media-amazon.com/images/I/71uQmsTESvL.jpg,459516,item_weight,500 milligram
98,https://m.media-amazon.com/images/I/71jG8BOi4WL.jpg,241608,item_weight,16.0 gram
99,https://m.media-amazon.com/images/I/61390hosjFL.jpg,308856,item_weight,8 kilogram
100,https://m.media-amazon.com/images/I/71PDbPb275L.jpg,459516,item_volume,500.0 millilitre
101,https://m.media-amazon.com/images/I/71YiRw3e1lL.jpg,630869,item_weight,3.0 pound
102,https://m.media-amazon.com/images/I/719poaEkdEL.jpg,459516,item_weight,750.0 milligram
103,https://m.media-amazon.com/images/I/41njJJg-ANL.jpg,308671,item_weight,8.0 gram
104,https://m.media-amazon.com/images/I/71qEriwsbIL.jpg,299791,item_weight,23.0 gram
105,https://m.media-amazon.com/images/I/514M5CrBK4L.jpg,630869,item_weight,9.8 gram
106,https://m.media-amazon.com/images/I/61qOr-yqaVL.jpg,442321,item_weight,198.0 pound
107,https://m.media-amazon.com/images/I/61xxqfM2EwL.jpg,991868,item_weight,9.0 kilogram
108,https://m.media-amazon.com/images/I/81yG9eUKvxL.jpg,208023,item_weight,2.5 kilogram
109,https://m.media-amazon.com/images/I/61FMOl299lL.jpg,593600,item_weight,50.0 gram
110,https://m.media-amazon.com/images/I/41Kn+YOyPjL.jpg,459516,item_volume,10.0 millilitre
111,https://m.media-amazon.com/images/I/51q9OE6hfgL.jpg,459516,item_volume,200.0 millilitre
112,https://m.media-amazon.com/images/I/51T1Kh7WWGL.jpg,299791,item_weight,4.1 gram
113,https://m.media-amazon.com/images/I/71G8XyPqcIL.jpg,630869,item_weight,9.2 gram
114,https://m.media-amazon.com/images/I/61Hhju+qn9L.jpg,308856,item_weight,600.0 gram
115,https://m.media-amazon.com/images/I/51Alw-4+zJL.jpg,308856,item_weight,20.0 kilogram
116,https://m.media-amazon.com/images/I/81l6zfwKG7L.jpg,731432,item_weight,13.0 gram
117,https://m.media-amazon.com/images/I/71eATPu53YL.jpg,731432,item_weight,13.0 gram
118,https://m.media-amazon.com/images/I/81R8CrWXthL.jpg,731432,item_weight,1000.0 milligram
119,https://m.media-amazon.com/images/I/71qiWPgPcUS.jpg,908443,item_weight,264.0 gram
120,https://m.media-amazon.com/images/I/81nyHjPXg-L.jpg,308856,item_weight,34 kilogram
121,https://m.media-amazon.com/images/I/71EREAIkJZS.jpg,299791,item_weight,72.57 gram
122,https://m.media-amazon.com/images/I/61bpzE0p4yL.jpg,459516,item_weight,100 gram
123,https://m.media-amazon.com/images/I/71yqAwAikaL.jpg,731432,item_weight,180 gram
124,https://m.media-amazon.com/images/I/61431aMH6cL.jpg,731432,item_weight,180 gram
125,https://m.media-amazon.com/images/I/71lxjbXw9bL.jpg,731432,item_weight,180 gram
126,https://m.media-amazon.com/images/I/71cziTM6TfL.jpg,731432,item_weight,180 gram
127,https://m.media-amazon.com/images/I/71Btb49O2dL.jpg,731432,item_weight,180 gram
128,https://m.media-amazon.com/images/I/51QhV+Ox86L.jpg,630869,item_weight,33 gram
129,https://m.media-amazon.com/images/I/51ArM1PP7WL.jpg,523149,item_weight,8.0 gram
130,https://m.media-amazon.com/images/I/51F+K7Zx9fL.jpg,558374,item_weight,1.77 ounce
131,https://m.media-amazon.com/images/I/51u2vv6e8yL.jpg,881883,item_weight,350.0 gram
132,https://m.media-amazon.com/images/I/71PexaOBvoL.jpg,529606,item_weight,567.0 gram
133,https://m.media-amazon.com/images/I/81uHTyMDa7L.jpg,529606,item_weight,567.0 gram
134,https://m.media-amazon.com/images/I/81x+p0LzKbL.jpg,529606,item_weight,567.0 gram
135,https://m.media-amazon.com/images/I/71kCYzCu0UL.jpg,529606,item_weight,567.0 gram
136,https://m.media-amazon.com/images/I/81F2B83meFL.jpg,529606,item_weight,567.0 gram
137,https://m.media-amazon.com/images/I/71KFQ3qt4gL.jpg,529606,item_weight,567.0 gram
138,https://m.media-amazon.com/images/I/71Oo4M3ApxL.jpg,752266,wattage,60.0 watt
139,https://m.media-amazon.com/images/I/71Oo4M3ApxL.jpg,752266,voltage,"[100.0, 240.0] volt"
140,https://m.media-amazon.com/images/I/61lE-I9cVuL.jpg,916768,item_volume,25.0 millilitre
141,https://m.media-amazon.com/images/I/71+FvzD14RL.jpg,893692,item_weight,2.4 kilogram
142,https://m.media-amazon.com/images/I/414maJ3RUML.jpg,120569,item_weight,25 kilogram
143,https://m.media-amazon.com/images/I/7158CO+v3kL.jpg,564709,item_weight,50.0 kilogram
144,https://m.media-amazon.com/images/I/71NoP+8HnqS.jpg,593600,item_weight,263.0 gram
145,https://m.media-amazon.com/images/I/51K0v0zo-wL.jpg,507988,item_weight,250.0 gram
146,https://m.media-amazon.com/images/I/51H6vfyBqML.jpg,507988,item_weight,250.0 gram
147,https://m.media-amazon.com/images/I/81gzy3-ZlML.jpg,459516,item_weight,200 gram
148,https://m.media-amazon.com/images/I/71mKPQGo8wL.jpg,599772,item_weight,1.8 kilogram
149,https://m.media-amazon.com/images/I/81puuiKhs5L.jpg,601746,item_weight,800.0 gram
150,https://m.media-amazon.com/images/I/61CLKFwJa4L.jpg,630869,item_weight,24.8 gram
151,https://m.media-amazon.com/images/I/615v9WaUIuL.jpg,483370,item_weight,4.0 kilogram
152,https://m.media-amazon.com/images/I/71P0BToikAL.jpg,459516,item_volume,"[8.0, 12.0] fluid ounce"
153,https://m.media-amazon.com/images/I/61HisZt9hcL.jpg,208023,item_weight,3.59 kilogram
154,https://m.media-amazon.com/images/I/81JGAcnf39L.jpg,983323,voltage,12.0 volt
155,https://m.media-amazon.com/images/I/31o8WywVeTL.jpg,299791,item_weight,7 gram
156,https://m.media-amazon.com/images/I/61Ik5NY4ExL.jpg,299791,item_weight,9.8 gram
157,https://m.media-amazon.com/images/I/71pKB7-3itL.jpg,459516,item_volume,16.0 fluid ounce
158,https://m.media-amazon.com/images/I/71PGzqxh-EL.jpg,523149,item_weight,3.8 gram
159,https://m.media-amazon.com/images/I/71uqF3qqsuL.jpg,844474,item_weight,0.45 kilogram
160,https://m.media-amazon.com/images/I/61vdMgkasML.jpg,179080,item_weight,70.5 pound
161,https://m.media-amazon.com/images/I/81xeFGugw6L.jpg,271537,voltage,12.0 volt
162,https://m.media-amazon.com/images/I/71Ye12U8zRL.jpg,271537,voltage,12.0 volt
163,https://m.media-amazon.com/images/I/61UjKZyijBL.jpg,271537,voltage,12.0 volt
164,https://m.media-amazon.com/images/I/61v1IQDiIbL.jpg,271537,voltage,12.0 volt
165,https://m.media-amazon.com/images/I/71WffHaS-QL.jpg,589105,item_weight,1.87 pound
166,https://m.media-amazon.com/images/I/61mLRVKOr3L.jpg,748919,item_weight,125.0 gram
167,https://m.media-amazon.com/images/I/619W5ruX5xL.jpg,523149,item_weight,21.0 gram
168,https://m.media-amazon.com/images/I/51YZWIRgY0L.jpg,630869,item_weight,30.0 gram
169,https://m.media-amazon.com/images/I/81Qf73SxLaL.jpg,752266,voltage,"[85.0, 265.0] volt"
170,https://m.media-amazon.com/images/I/81cEIIPti-L.jpg,459516,item_volume,4.0 fluid ounce
171,https://m.media-amazon.com/images/I/71ciI6RbOqL.jpg,459516,item_volume,4.0 fluid ounce
172,https://m.media-amazon.com/images/I/816L-kPJGyL.jpg,459516,item_volume,4.0 fluid ounce
173,https://m.media-amazon.com/images/I/7185b+0uzML.jpg,459516,item_volume,0.7 millilitre
174,https://m.media-amazon.com/images/I/7185b+0uzML.jpg,459516,item_weight,679.0 milligram
175,https://m.media-amazon.com/images/I/71In1fvGSwL.jpg,459516,item_volume,4.0 fluid ounce
176,https://m.media-amazon.com/images/I/8146TN-qDgL.jpg,881883,item_weight,500.0 gram
177,https://m.media-amazon.com/images/I/71bA7Tj2y5L.jpg,120569,item_weight,15.0 kilogram
178,https://m.media-amazon.com/images/I/51ZpARXmu+L.jpg,641642,wattage,8.0 watt
179,https://m.media-amazon.com/images/I/81ZyvlRczjL.jpg,311997,item_weight,175.0 kilogram
180,https://m.media-amazon.com/images/I/81zuZujBfyL.jpg,311997,item_weight,175.0 kilogram
181,https://m.media-amazon.com/images/I/71mi7h+tZmL.jpg,281678,item_weight,1.0 gram
182,https://m.media-amazon.com/images/I/71A7RiB2IIS.jpg,318770,wattage,100.0 watt
183,https://m.media-amazon.com/images/I/61UkMSPhLSS.jpg,318770,wattage,100.0 watt
184,https://m.media-amazon.com/images/I/616QEdZeLGL.jpg,318770,wattage,100.0 watt
185,https://m.media-amazon.com/images/I/61nvPvyO7kL.jpg,318770,wattage,100.0 watt
186,https://m.media-amazon.com/images/I/71ihnkVAoCL.jpg,241608,item_weight,460.0 gram
187,https://m.media-amazon.com/images/I/51WaQdTFyhL.jpg,955292,wattage,3.0 watt
188,https://m.media-amazon.com/images/I/71k9HXFp5VL.jpg,767202,item_weight,23.0 kilogram
189,https://m.media-amazon.com/images/I/81hbfdu3UaL.jpg,369753,item_volume,3.0 millilitre
190,https://m.media-amazon.com/images/I/815pYcvCCeL.jpg,365637,item_weight,300.0 gram
191,https://m.media-amazon.com/images/I/615roHaokEL.jpg,810266,item_weight,100.0 gram
192,https://m.media-amazon.com/images/I/71JXfZLNJjL.jpg,639090,item_weight,22.0 gram
193,https://m.media-amazon.com/images/I/71yQq9I3yzL.jpg,731432,item_weight,3.0 gram
194,https://m.media-amazon.com/images/I/718M5ODio0L.jpg,731432,item_weight,3.0 gram
195,https://m.media-amazon.com/images/I/61lpwH0qHbL.jpg,731432,item_weight,3.0 gram
196,https://m.media-amazon.com/images/I/712sZRVe98L.jpg,731432,item_weight,2.0 ton
197,https://m.media-amazon.com/images/I/71d+dz7ogkL.jpg,150913,maximum_weight_recommendation,15 kilogram
198,https://m.media-amazon.com/images/I/51WSQa1ygML.jpg,630869,item_weight,14.8 gram
199,https://m.media-amazon.com/images/I/71QR6ELoPnL.jpg,675317,item_weight,4.4 pound
200,https://m.media-amazon.com/images/I/71cO37WLcCL.jpg,675317,item_weight,4.4 pound
201,https://m.media-amazon.com/images/I/71k0T1lkazL.jpg,801829,maximum_weight_recommendation,350 pound
202,https://m.media-amazon.com/images/I/61qfHDESRQL.jpg,275506,item_weight,4.5 gram
203,https://m.media-amazon.com/images/I/61QC4Kt6FgL.jpg,275506,item_weight,4.5 gram
204,https://m.media-amazon.com/images/I/81+ZDpWM6aL.jpg,281678,item_volume,1977.0 decilitre
205,https://m.media-amazon.com/images/I/711unoPoAUL.jpg,801829,item_weight,120.0 gram
206,https://m.media-amazon.com/images/I/91yjUjUz1PL.jpg,281678,item_volume,100.0 millilitre
207,https://m.media-amazon.com/images/I/61iyjkBOWwL.jpg,281678,item_volume,100.0 millilitre
208,https://m.media-amazon.com/images/I/81bWfMuySqL.jpg,281678,item_volume,100.0 millilitre
209,https://m.media-amazon.com/images/I/81cNMlJ3rUL.jpg,297918,item_weight,40.0 gram
210,https://m.media-amazon.com/images/I/71V8xeIdY8L.jpg,297918,item_weight,0.0 gram
211,https://m.media-amazon.com/images/I/81QVNxEt5jL.jpg,297918,item_weight,40.0 gram
212,https://m.media-amazon.com/images/I/61rzdBIml6S.jpg,416664,item_weight,60.0 gram
213,https://m.media-amazon.com/images/I/71XLo+kfY4S.jpg,416664,item_weight,60.0 gram
214,https://m.media-amazon.com/images/I/61GnRPsq7eS.jpg,308856,item_weight,390 gram
215,https://m.media-amazon.com/images/I/71L-+M3VVPL.jpg,507619,item_weight,"[25.0, 30.0] pound"
216,https://m.media-amazon.com/images/I/81OX3LrynvL.jpg,801829,maximum_weight_recommendation,120 kilogram
217,https://m.media-amazon.com/images/I/71CgwBBpm2L.jpg,953031,item_weight,5.0 gram
218,https://m.media-amazon.com/images/I/61uEVvHFcnL.jpg,953031,item_weight,5.0 gram
219,https://m.media-amazon.com/images/I/6186qz73QDL.jpg,369753,item_volume,2.55 cubic inch
220,https://m.media-amazon.com/images/I/51-GFfHUt5L.jpg,993359,item_weight,100 gram
221,https://m.media-amazon.com/images/I/71wManz+q7L.jpg,281678,item_weight,100.0 gram
222,https://m.media-amazon.com/images/I/71rBE9Nt9sL.jpg,281678,item_weight,100.0 gram
223,https://m.media-amazon.com/images/I/61NpAba1eLL.jpg,523149,item_weight,2.6 gram
224,https://m.media-amazon.com/images/I/81GfAC59d9L.jpg,387046,item_weight,7.9 kilogram
225,https://m.media-amazon.com/images/I/71BkkuPYJFL.jpg,433914,item_weight,150.0 kilogram
226,https://m.media-amazon.com/images/I/61k7TzX5kYL.jpg,601746,item_weight,0.9 kilogram
227,https://m.media-amazon.com/images/I/81hGUpAFNJL.jpg,922709,voltage,7.0 volt
228,https://m.media-amazon.com/images/I/71iSbwHDcdL.jpg,648011,voltage,"[175.0, 265.0] volt"
229,https://m.media-amazon.com/images/I/81BxHI-QPIL.jpg,558374,item_weight,2.82 ounce
230,https://m.media-amazon.com/images/I/71WaRSgdUyL.jpg,558374,item_weight,16.0 gram
231,https://m.media-amazon.com/images/I/61cEFL6Y49L.jpg,884560,item_weight,132.0 gram
232,https://m.media-amazon.com/images/I/817S4LJR21L.jpg,281678,item_weight,77.0 gram
233,https://m.media-amazon.com/images/I/81V9hFKQT4L.jpg,281678,item_weight,77.0 gram
234,https://m.media-amazon.com/images/I/81i7biHKFUL.jpg,957185,item_weight,100.0 gram
235,https://m.media-amazon.com/images/I/9146CDDyS1L.jpg,654649,item_weight,100.0 gram
236,https://m.media-amazon.com/images/I/61zbBwJJ86L.jpg,375816,item_weight,25 gram
237,https://m.media-amazon.com/images/I/61g2MIPw-SL.jpg,375816,item_weight,25 gram
238,https://m.media-amazon.com/images/I/61rViW3qEDL.jpg,375816,item_weight,25 gram
239,https://m.media-amazon.com/images/I/41fYovCueJL.jpg,529606,item_weight,150 gram
240,https://m.media-amazon.com/images/I/61dL1hqmPTL.jpg,529606,item_weight,150 gram
241,https://m.media-amazon.com/images/I/61ErAvSUnML.jpg,529606,item_weight,150 gram
242,https://m.media-amazon.com/images/I/41J6cTfYEJL.jpg,529606,item_weight,150 gram
243,https://m.media-amazon.com/images/I/51FHIAeaWpL.jpg,529606,item_weight,150 gram
244,https://m.media-amazon.com/images/I/51egZNPkbmL.jpg,529606,item_weight,150 gram
245,https://m.media-amazon.com/images/I/61ptgk7Z6NL.jpg,459516,item_weight,200 gram
246,https://m.media-amazon.com/images/I/61mR0nvTi2L.jpg,483370,item_weight,2460.0 gram
247,https://m.media-amazon.com/images/I/71kKyflqh-L.jpg,178958,maximum_weight_recommendation,7 kilogram
248,https://m.media-amazon.com/images/I/81jraWFAHEL.jpg,654649,item_weight,6.0 ton
249,https://m.media-amazon.com/images/I/61q8BFKyG5L.jpg,416664,item_weight,2.5 kilogram
250,https://m.media-amazon.com/images/I/711pKODV8fL.jpg,752266,wattage,60.0 watt
251,https://m.media-amazon.com/images/I/818ZG7g9hHL.jpg,746096,wattage,21.6 watt
252,https://m.media-amazon.com/images/I/818ZG7g9hHL.jpg,746096,voltage,240.0 volt
253,https://m.media-amazon.com/images/I/719SXCcE+yL.jpg,749917,item_weight,1300.0 gram
254,https://m.media-amazon.com/images/I/71KGqjaeU3L.jpg,271537,voltage,120.0 volt
255,https://m.media-amazon.com/images/I/81pIxwIlH1L.jpg,529606,item_weight,22.0 gram
256,https://m.media-amazon.com/images/I/81dTA+JL8hL.jpg,529606,item_weight,22.0 gram
257,https://m.media-amazon.com/images/I/91YXnPoBr9L.jpg,529606,item_weight,22.0 gram
258,https://m.media-amazon.com/images/I/61ssSqT8LBL.jpg,483370,item_weight,2022.0 gram
259,https://m.media-amazon.com/images/I/71rMtEbiU2L.jpg,932012,item_weight,220.0 gram
260,https://m.media-amazon.com/images/I/71DngBpcvfL.jpg,932012,item_weight,220.0 gram
261,https://m.media-amazon.com/images/I/81eYKrxwPeL.jpg,396159,item_weight,240.0 gram
262,https://m.media-amazon.com/images/I/41yG6r50SGL.jpg,477578,item_weight,47.0 gram
263,https://m.media-amazon.com/images/I/61CKA8YZZQL.jpg,731432,item_weight,11 pound
264,https://m.media-amazon.com/images/I/71GGzJw4lJL.jpg,731432,item_weight,5 kilogram
265,https://m.media-amazon.com/images/I/71s4ixwJ35L.jpg,731432,item_weight,6.6 pound
266,https://m.media-amazon.com/images/I/61oJbgINwyL.jpg,731432,item_weight,3 kilogram
267,https://m.media-amazon.com/images/I/71xNXOBXbeL.jpg,731432,item_weight,6.6 pound
268,https://m.media-amazon.com/images/I/81ILq5SlokL.jpg,731432,item_weight,5 kilogram
269,https://m.media-amazon.com/images/I/61qBC3QCpKL.jpg,731432,item_weight,3 kilogram
270,https://m.media-amazon.com/images/I/41jz25vrqpL.jpg,308671,item_weight,9 gram
271,https://m.media-amazon.com/images/I/81fRIl3bhHL.jpg,917343,item_weight,18.0 ounce
272,https://m.media-amazon.com/images/I/61ZcOamhAXL.jpg,359859,item_weight,0.13 pound
273,https://m.media-amazon.com/images/I/6179WU7pPnL.jpg,273748,item_weight,0.41 kilogram
274,https://m.media-amazon.com/images/I/711UcLF1AOL.jpg,563130,item_weight,2.0 pound
275,https://m.media-amazon.com/images/I/71bEyocs6cL.jpg,563130,item_weight,2.0 pound
276,https://m.media-amazon.com/images/I/81P0F4kSO5L.jpg,479564,item_weight,38.0 gram
277,https://m.media-amazon.com/images/I/61xt0+F24LL.jpg,254449,item_weight,50.0 gram
278,https://m.media-amazon.com/images/I/41o+Ah16aOL.jpg,254449,item_weight,50.0 gram
279,https://m.media-amazon.com/images/I/61t+5wQl08L.jpg,254449,item_weight,500.0 milligram
280,https://m.media-amazon.com/images/I/61jznP3TP-L.jpg,254449,item_weight,50.0 gram
281,https://m.media-amazon.com/images/I/41UtmzUICML.jpg,254449,item_weight,76.0 ounce
282,https://m.media-amazon.com/images/I/71N+e+6NXUL.jpg,639090,item_weight,150.0 gram
283,https://m.media-amazon.com/images/I/71wSp5zkmOL.jpg,639090,item_weight,13.0 gram
284,https://m.media-amazon.com/images/I/61dRC9mLuLL.jpg,639090,item_weight,150.0 gram
285,https://m.media-amazon.com/images/I/718Y1zul73L.jpg,675317,item_weight,2.1 pound
286,https://m.media-amazon.com/images/I/61HmWvlaCgS.jpg,844474,item_weight,0.0 pound
287,https://m.media-amazon.com/images/I/61hmMEg2+JL.jpg,625310,item_weight,40.0 gram
288,https://m.media-amazon.com/images/I/717jdsjET2S.jpg,299791,item_weight,30.0 gram
289,https://m.media-amazon.com/images/I/71UctMVz2wL.jpg,334327,item_weight,1.43 pound
290,https://m.media-amazon.com/images/I/71Y2sN5CZ2L.jpg,601746,item_weight,200.0 kilogram
291,https://m.media-amazon.com/images/I/71TIH9xp14L.jpg,844474,item_weight,260.0 gram
292,https://m.media-amazon.com/images/I/51MfQdcFO4L.jpg,318770,wattage,20.0 watt
293,https://m.media-amazon.com/images/I/61IZwm4favL.jpg,523149,item_weight,4.0 gram
294,https://m.media-amazon.com/images/I/71Cpa4ITxCL.jpg,564709,item_weight,23.0 kilogram
295,https://m.media-amazon.com/images/I/71XKEn+9WSL.jpg,564709,item_weight,0.0 ounce
296,https://m.media-amazon.com/images/I/71Yl8r0WgHL.jpg,120219,maximum_weight_recommendation,12.0 ounce
297,https://m.media-amazon.com/images/I/71VHlwzHsIL.jpg,630869,item_weight,34.5 gram
298,https://m.media-amazon.com/images/I/81aU1hA-LKL.jpg,507988,item_weight,60.0 gram
299,https://m.media-amazon.com/images/I/911ddalhbYL.jpg,529606,item_weight,4.0 pound
300,https://m.media-amazon.com/images/I/71CPTuB3GzL.jpg,275506,item_weight,32.0 gram
301,https://m.media-amazon.com/images/I/61ZR+zqTeFL.jpg,275506,item_weight,32.0 gram
302,https://m.media-amazon.com/images/I/71IqOdJNJ0L.jpg,810266,item_weight,13.5 ounce
303,https://m.media-amazon.com/images/I/812RLyHuZgL.jpg,932012,item_weight,7.0 ounce
304,https://m.media-amazon.com/images/I/61nQgfAzcjL.jpg,523149,item_weight,15.9 gram
305,https://m.media-amazon.com/images/I/51LXZCTnMuL.jpg,299791,item_weight,35.3 gram
306,https://m.media-amazon.com/images/I/71PKpcLG-3L.jpg,308856,item_weight,10 kilogram
307,https://m.media-amazon.com/images/I/71om5sNcHSL.jpg,308856,item_weight,10 kilogram
308,https://m.media-amazon.com/images/I/51iLFnog-TL.jpg,993359,item_weight,200 gram
309,https://m.media-amazon.com/images/I/71ZTyrP+83L.jpg,731432,item_weight,100 gram
310,https://m.media-amazon.com/images/I/71IXiyI6MgL.jpg,639090,item_weight,315.0 gram
311,https://m.media-amazon.com/images/I/71as9Ior9hL.jpg,299791,item_weight,22.0 gram
312,https://m.media-amazon.com/images/I/71MG6eEeFZS.jpg,965518,voltage,18.0 volt
313,https://m.media-amazon.com/images/I/81uaGW5FXGL.jpg,523149,item_weight,4.0 gram
314,https://m.media-amazon.com/images/I/81flV4kwOwL.jpg,449021,item_weight,8.0 ounce
315,https://m.media-amazon.com/images/I/51xK4g4F03S.jpg,271537,voltage,240.0 volt
316,https://m.media-amazon.com/images/I/51R15QuIuyL.jpg,271537,voltage,12.0 volt
317,https://m.media-amazon.com/images/I/51vgDwEY7xL.jpg,271537,voltage,12.0 volt
318,https://m.media-amazon.com/images/I/81JoUrtkpmL.jpg,459516,item_volume,1.69 fluid ounce
319,https://m.media-amazon.com/images/I/81VXdzB0RVL.jpg,373285,item_volume,64.0 fluid ounce
320,https://m.media-amazon.com/images/I/819iiEopcWL.jpg,373285,item_volume,8.0 fluid ounce
321,https://m.media-amazon.com/images/I/81OYyqNGOmL.jpg,373285,item_volume,8.0 fluid ounce
322,https://m.media-amazon.com/images/I/91zZGVgZh+L.jpg,881883,item_weight,13.0 ton
323,https://m.media-amazon.com/images/I/71U6lF5xVsL.jpg,648011,voltage,"[220.0, 240.0] volt"
324,https://m.media-amazon.com/images/I/81-qTUhd0eL.jpg,211213,wattage,1000.0 watt
325,https://m.media-amazon.com/images/I/81MuNrz5V4L.jpg,211213,wattage,800.0 watt
326,https://m.media-amazon.com/images/I/51PKOVajYoL.jpg,523149,item_weight,4.4 gram
327,https://m.media-amazon.com/images/I/71FO3i3r+US.jpg,630390,item_weight,750 gram
328,https://m.media-amazon.com/images/I/71r5a-F3-BS.jpg,630390,item_weight,750 gram
329,https://m.media-amazon.com/images/I/81mBfsyl+DL.jpg,375816,item_weight,123.0 gram
330,https://m.media-amazon.com/images/I/714cnffNW3L.jpg,375816,item_weight,123.0 gram
331,https://m.media-amazon.com/images/I/81DMfLssTwL.jpg,375816,item_weight,123.0 gram
332,https://m.media-amazon.com/images/I/81M9xG3reDL.jpg,375816,item_weight,123.0 gram
333,https://m.media-amazon.com/images/I/71BqZJVE4kL.jpg,375816,item_weight,123.0 gram
334,https://m.media-amazon.com/images/I/81L5qqZU1NL.jpg,375816,item_weight,8.0 ounce
335,https://m.media-amazon.com/images/I/717z1HKi8oL.jpg,375816,item_weight,123.0 gram
336,https://m.media-amazon.com/images/I/71J+30S5EDL.jpg,750220,item_weight,200 gram
337,https://m.media-amazon.com/images/I/71A2oqx3rmL.jpg,299791,item_weight,56 gram
338,https://m.media-amazon.com/images/I/91-tHcMlZzL.jpg,489118,item_weight,320.0 gram
339,https://m.media-amazon.com/images/I/71NFYx8fBXL.jpg,489118,item_weight,320.0 gram
340,https://m.media-amazon.com/images/I/61vlGd51PeL.jpg,844474,item_weight,0.88 pound
341,https://m.media-amazon.com/images/I/61ZBhPKQ2xL.jpg,563130,item_weight,8.0 gram
342,https://m.media-amazon.com/images/I/51zeZBf-HcL.jpg,179080,voltage,36.0 volt
343,https://m.media-amazon.com/images/I/616boDUl2HL.jpg,459516,item_weight,1440 milligram
344,https://m.media-amazon.com/images/I/61Q-ggen5XL.jpg,299791,item_weight,1.6 gram
345,https://m.media-amazon.com/images/I/8190fwx-OdL.jpg,281678,item_weight,1.2 gram
346,https://m.media-amazon.com/images/I/41CKvM8JV7L.jpg,866516,item_weight,14.0 gram
347,https://m.media-amazon.com/images/I/71THO4WNG-L.jpg,916768,item_weight,590.0 gram
348,https://m.media-amazon.com/images/I/71J-AA3BW3L.jpg,442321,item_weight,100.0 kilogram
349,https://m.media-amazon.com/images/I/81PcR51hbUL.jpg,589105,item_weight,50.0 ton
350,https://m.media-amazon.com/images/I/717XYkhGpKL.jpg,978900,item_weight,276.0 gram
351,https://m.media-amazon.com/images/I/61ezcEdeQcL.jpg,459516,item_weight,400.0 milligram
352,https://m.media-amazon.com/images/I/61gjCs2yeCL.jpg,459516,item_weight,90.0 gram
353,https://m.media-amazon.com/images/I/51E+rGvwO0L.jpg,752266,wattage,24.0 watt
354,https://m.media-amazon.com/images/I/811QUiTwekL.jpg,281678,item_volume,8.0 fluid ounce
355,https://m.media-amazon.com/images/I/71iifNw7WkL.jpg,132401,item_weight,165.0 pound
356,https://m.media-amazon.com/images/I/51YdPlXffPL.jpg,459516,item_volume,2007.0 gallon
357,https://m.media-amazon.com/images/I/51eGoOSfx4L.jpg,459516,item_volume,2006.0 gallon
358,https://m.media-amazon.com/images/I/61Fxk72idwL.jpg,459516,item_volume,2007.0 gallon
359,https://m.media-amazon.com/images/I/61cNUSZr+EL.jpg,523149,item_weight,2.5 gram
360,https://m.media-amazon.com/images/I/41egkCDTTML.jpg,483370,item_weight,100.0 gram
361,https://m.media-amazon.com/images/I/6183amP6LdL.jpg,459516,item_weight,3.52 ounce
362,https://m.media-amazon.com/images/I/61NpoOFjk6L.jpg,459516,item_weight,100 gram
363,https://m.media-amazon.com/images/I/61DnguuYwbL.jpg,459516,item_weight,3.52 ounce
364,https://m.media-amazon.com/images/I/71khUZBj+4L.jpg,459516,item_weight,100 gram
365,https://m.media-amazon.com/images/I/715DgMR-hkL.jpg,226504,item_weight,10.5 kilogram
366,https://m.media-amazon.com/images/I/81xqMNmhEpL.jpg,446789,maximum_weight_recommendation,300 kilogram
367,https://m.media-amazon.com/images/I/51En0fgN73L.jpg,308856,item_weight,70 gram
368,https://m.media-amazon.com/images/I/81CYds5q79L.jpg,308856,item_weight,70 gram
369,https://m.media-amazon.com/images/I/81ssfOL5b-L.jpg,308856,item_weight,70 gram
370,https://m.media-amazon.com/images/I/61E9-xj8ciL.jpg,993359,item_weight,3.52 ounce
371,https://m.media-amazon.com/images/I/617Jckaf62L.jpg,993359,item_weight,100 gram
372,https://m.media-amazon.com/images/I/71RjWH103nS.jpg,375816,item_weight,200 gram
373,https://m.media-amazon.com/images/I/51Ak7GKuiLL.jpg,375816,item_weight,200 gram
374,https://m.media-amazon.com/images/I/71BTB4+8bWL.jpg,529606,item_weight,0 gram
375,https://m.media-amazon.com/images/I/717izgnf0qL.jpg,529606,item_weight,0 gram
376,https://m.media-amazon.com/images/I/918PpLvmRHL.jpg,731432,item_weight,60 gram
377,https://m.media-amazon.com/images/I/71KQtc1rA6L.jpg,523149,item_weight,11.7 gram
378,https://m.media-amazon.com/images/I/71DwqzSrFCL.jpg,523149,item_weight,11.7 gram
379,https://m.media-amazon.com/images/I/61BmXdBPeAL.jpg,881883,item_weight,120.0 gram
380,https://m.media-amazon.com/images/I/61EZUdXT3vL.jpg,752266,item_weight,0.51 kilogram
381,https://m.media-amazon.com/images/I/41-GUSWgzWL.jpg,752266,wattage,72.0 watt
382,https://m.media-amazon.com/images/I/41zNB8ZshmL.jpg,373285,item_volume,200.0 millilitre
383,https://m.media-amazon.com/images/I/611UdEWakYL.jpg,523149,item_weight,7.5 gram
384,https://m.media-amazon.com/images/I/71xH9zWYDXL.jpg,564709,item_weight,120.0 kilogram
385,https://m.media-amazon.com/images/I/81yGnWN1gpL.jpg,225091,item_weight,4.0 kilogram
386,https://m.media-amazon.com/images/I/71iJwszcKmL.jpg,225091,item_weight,4.0 kilogram
387,https://m.media-amazon.com/images/I/814zl+0TMJL.jpg,396159,item_weight,2.0 gram
388,https://m.media-amazon.com/images/I/41fX-OWziML.jpg,752266,wattage,54.0 watt
389,https://m.media-amazon.com/images/I/71uSbcePMFL.jpg,192132,item_weight,400.0 gram
390,https://m.media-amazon.com/images/I/4147dGptveL.jpg,750220,item_weight,100.0 gram
391,https://m.media-amazon.com/images/I/616vBbocrvL.jpg,271537,voltage,12.0 volt
392,https://m.media-amazon.com/images/I/814BwteCiwL.jpg,271537,voltage,12.0 volt
393,https://m.media-amazon.com/images/I/81k08BRlQdL.jpg,731432,item_weight,271.0 gram
394,https://m.media-amazon.com/images/I/51ZPy1PgAnL.jpg,731432,item_weight,20.0 gram
395,https://m.media-amazon.com/images/I/81cXf6HnPWL.jpg,731432,item_weight,271.0 gram
396,https://m.media-amazon.com/images/I/716Gw2+1EzL.jpg,249638,item_weight,35.0 gram
397,https://m.media-amazon.com/images/I/71JCDu6h05S.jpg,299791,item_weight,154 pound
398,https://m.media-amazon.com/images/I/71oiYZsDN2L.jpg,529606,item_weight,2601 pound
399,https://m.media-amazon.com/images/I/718QeeH3QyL.jpg,630869,item_weight,14.5 gram
400,https://m.media-amazon.com/images/I/81xiCm7XYWL.jpg,486636,item_weight,565.0 gram
401,https://m.media-amazon.com/images/I/71qMt6EnwlL.jpg,252782,item_weight,240.0 gram
402,https://m.media-amazon.com/images/I/612WwnwSEzL.jpg,731432,item_weight,300.0 milligram
403,https://m.media-amazon.com/images/I/61MGk3PsxcL.jpg,731432,item_weight,300.0 milligram
404,https://m.media-amazon.com/images/I/61e7EW6lRvL.jpg,639090,item_weight,3.5 ounce
405,https://m.media-amazon.com/images/I/7104ARm7I-L.jpg,801829,maximum_weight_recommendation,440.0 pound
406,https://m.media-amazon.com/images/I/71V3-MUsc6L.jpg,630869,item_weight,32.0 gram
407,https://m.media-amazon.com/images/I/71Eszh9j23L.jpg,630869,item_weight,32.0 gram
408,https://m.media-amazon.com/images/I/71guQr5cqaL.jpg,639090,item_weight,454.0 gram
409,https://m.media-amazon.com/images/I/71cmBtqE8NL.jpg,639090,item_weight,1.0 ounce
410,https://m.media-amazon.com/images/I/71C4XXPcZ3L.jpg,639090,item_weight,454.0 gram
411,https://m.media-amazon.com/images/I/61L4wjI4YEL.jpg,120219,maximum_weight_recommendation,6.0 ton
412,https://m.media-amazon.com/images/I/410gyMVw-UL.jpg,375816,item_weight,96.0 gram
413,https://m.media-amazon.com/images/I/81ZWxc+sUML.jpg,917343,item_weight,900.0 gram
414,https://m.media-amazon.com/images/I/71dl7T4AWKL.jpg,318770,wattage,66.0 watt
415,https://m.media-amazon.com/images/I/61DHSHAPVLL.jpg,523149,item_weight,24.0 gram
416,https://m.media-amazon.com/images/I/71u9qpY7TtL.jpg,252782,item_weight,2.0 kilogram
417,https://m.media-amazon.com/images/I/81TYV2TkiGL.jpg,993359,item_weight,500.0 gram
418,https://m.media-amazon.com/images/I/71c-++zgVxL.jpg,386873,item_weight,423.0 gram
419,https://m.media-amazon.com/images/I/71c0GP5KuPL.jpg,442321,item_weight,70.0 kilogram
420,https://m.media-amazon.com/images/I/51KGPCaOwyL.jpg,730429,item_weight,143.0 gram
421,https://m.media-amazon.com/images/I/71ws-E5lBtL.jpg,630869,item_weight,0.45 ounce
422,https://m.media-amazon.com/images/I/51DnP-sc-YL.jpg,750220,item_weight,44115.0 ton
423,https://m.media-amazon.com/images/I/61sYpkCc8gL.jpg,281678,item_volume,1.0 litre
424,https://m.media-amazon.com/images/I/71LlzAFiptL.jpg,179080,voltage,36.0 volt
425,https://m.media-amazon.com/images/I/71pvXAM5PWL.jpg,179080,voltage,36.0 volt
426,https://m.media-amazon.com/images/I/71pvXAM5PWL.jpg,179080,wattage,250.0 watt
427,https://m.media-amazon.com/images/I/811zQczlePL.jpg,459516,item_weight,100.0 gram
428,https://m.media-amazon.com/images/I/81cjPJpZ3-L.jpg,459516,item_weight,100.0 gram
429,https://m.media-amazon.com/images/I/616k4sH4pZL.jpg,318770,wattage,20.0 watt
430,https://m.media-amazon.com/images/I/51+N63vjwWL.jpg,523149,item_weight,10.7 gram
431,https://m.media-amazon.com/images/I/71w+ZJKvGML.jpg,449021,item_weight,10.0 ounce
432,https://m.media-amazon.com/images/I/51ewovtbRtL.jpg,329793,item_weight,130.0 gram
433,https://m.media-amazon.com/images/I/819v28pzDoL.jpg,375816,item_weight,1.8 ounce
434,https://m.media-amazon.com/images/I/81yidnjAQ+L.jpg,375816,item_weight,1.8 ounce
435,https://m.media-amazon.com/images/I/71D81Xct+vL.jpg,630869,item_weight,15 gram
436,https://m.media-amazon.com/images/I/7107fyOBRRL.jpg,459516,item_weight,600 milligram
437,https://m.media-amazon.com/images/I/71ubk42imPL.jpg,969033,maximum_weight_recommendation,15 pound
438,https://m.media-amazon.com/images/I/41wv12SiMUS.jpg,630869,item_weight,5.3 gram
439,https://m.media-amazon.com/images/I/719tUNMxONL.jpg,281678,item_weight,250 gram
440,https://m.media-amazon.com/images/I/616AZ2LXWAL.jpg,150913,item_weight,12.3 kilogram
441,https://m.media-amazon.com/images/I/51xoa3bRhDL.jpg,993359,item_weight,50 gram
442,https://m.media-amazon.com/images/I/61AqXby8G4L.jpg,523149,item_weight,18.0 gram
443,https://m.media-amazon.com/images/I/71-9z6AVvPL.jpg,487566,item_weight,14.5 kilogram
444,https://m.media-amazon.com/images/I/81gL5mNlN8L.jpg,750220,item_weight,63 gram
445,https://m.media-amazon.com/images/I/71EhZZVhi2L.jpg,523149,item_weight,8.7 gram
446,https://m.media-amazon.com/images/I/81cYIj47SPL.jpg,746096,voltage,24.0 volt
447,https://m.media-amazon.com/images/I/91rFLNmJC4L.jpg,281678,item_weight,100 gram
448,https://m.media-amazon.com/images/I/61fUGb1nYML.jpg,523149,item_weight,4.8 gram
449,https://m.media-amazon.com/images/I/61o8MpHHsnL.jpg,767202,item_weight,450.0 kilogram
450,https://m.media-amazon.com/images/I/71s5Tk5r4tL.jpg,459516,item_weight,360.0 milligram
451,https://m.media-amazon.com/images/I/61SsfLTCHcL.jpg,917343,item_weight,2.98 pound
452,https://m.media-amazon.com/images/I/61Kzp6mUyDL.jpg,140266,voltage,230.0 volt
453,https://m.media-amazon.com/images/I/7122mFDMKdL.jpg,752266,wattage,30.0 watt
454,https://m.media-amazon.com/images/I/914b-Rbu8sL.jpg,752266,wattage,30.0 watt
455,https://m.media-amazon.com/images/I/61QLqAtk49L.jpg,254449,item_weight,36.0 gram
456,https://m.media-amazon.com/images/I/71oR4f2O8TL.jpg,254449,item_weight,36.0 gram
457,https://m.media-amazon.com/images/I/91CFwJYqSIL.jpg,483370,item_weight,93.0 gram
458,https://m.media-amazon.com/images/I/61EtovzpV8L.jpg,299791,item_weight,5.8 gram
459,https://m.media-amazon.com/images/I/71DdZjdjY2L.jpg,767202,item_weight,2325.0 microgram
460,https://m.media-amazon.com/images/I/81Lk7YnVq6L.jpg,179080,wattage,250.0 watt
461,https://m.media-amazon.com/images/I/61kX5ScRxdL.jpg,881883,item_weight,3.0 pound
462,https://m.media-amazon.com/images/I/512zELhKnmL.jpg,844474,item_weight,15.17 ounce
463,https://m.media-amazon.com/images/I/51bvN6sQJZL.jpg,145452,item_weight,328.0 gram
464,https://m.media-amazon.com/images/I/61BJZI+N6FL.jpg,271537,voltage,5.0 volt
465,https://m.media-amazon.com/images/I/71dQhAkuiXL.jpg,271537,voltage,5.0 volt
466,https://m.media-amazon.com/images/I/71iCDzf3SVL.jpg,709627,item_weight,280.0 gram
467,https://m.media-amazon.com/images/I/71FSLU7TEyL.jpg,442321,item_weight,80.0 kilogram
468,https://m.media-amazon.com/images/I/71-q0hAgSSL.jpg,281678,item_volume,200.0 millilitre
469,https://m.media-amazon.com/images/I/7127o10t9tL.jpg,801829,maximum_weight_recommendation,250 pound
470,https://m.media-amazon.com/images/I/71jD7X6Eo5L.jpg,810266,item_weight,2.0 pound
471,https://m.media-amazon.com/images/I/51WKciNNXsL.jpg,523149,item_weight,20.0 gram
472,https://m.media-amazon.com/images/I/313aG8L3-rL.jpg,709627,item_weight,30.0 kilogram
473,https://m.media-amazon.com/images/I/31aalwb8cdL.jpg,709627,item_weight,30.0 kilogram
474,https://m.media-amazon.com/images/I/71slQD6kfYL.jpg,983323,wattage,210.0 watt
475,https://m.media-amazon.com/images/I/51xVMJXeyUL.jpg,318770,wattage,15.0 watt
476,https://m.media-amazon.com/images/I/61LThsu6KrL.jpg,767202,item_weight,3.0 gram
477,https://m.media-amazon.com/images/I/61KcdM-rxqL.jpg,299791,item_weight,39.0 gram
478,https://m.media-amazon.com/images/I/41ZqgLmAOpL.jpg,558374,item_weight,1.16 kilogram
479,https://m.media-amazon.com/images/I/814tdSHcsrL.jpg,276700,item_weight,4.8 kilogram
480,https://m.media-amazon.com/images/I/71q-GgOyiWL.jpg,752266,item_weight,380.0 gram
481,https://m.media-amazon.com/images/I/718AbJ-lnUL.jpg,794161,item_weight,0.28 ounce
482,https://m.media-amazon.com/images/I/81elFizoqgL.jpg,459516,item_weight,100 gram
483,https://m.media-amazon.com/images/I/71FcYrlHEEL.jpg,459516,item_weight,100 gram
484,https://m.media-amazon.com/images/I/71uyQ21zqVL.jpg,459516,item_weight,100 gram
485,https://m.media-amazon.com/images/I/71Iz6gGlhzL.jpg,365637,item_weight,150 gram
486,https://m.media-amazon.com/images/I/51NBIRi0OLL.jpg,365637,item_weight,150 gram
487,https://m.media-amazon.com/images/I/61JcUwBXP6L.jpg,308856,item_weight,10 kilogram
488,https://m.media-amazon.com/images/I/61pdB9fr-cL.jpg,308856,item_weight,10 kilogram
489,https://m.media-amazon.com/images/I/516rrBjrjnL.jpg,993359,item_weight,200 gram
490,https://m.media-amazon.com/images/I/81IGy+1kZHL.jpg,993359,item_weight,100 gram
491,https://m.media-amazon.com/images/I/71f8PsMyZIL.jpg,993359,item_weight,100 gram
492,https://m.media-amazon.com/images/I/71iA1buDH4S.jpg,630869,item_weight,16.26 gram
493,https://m.media-amazon.com/images/I/71jmtTh5QES.jpg,630869,item_weight,16.26 gram
494,https://m.media-amazon.com/images/I/518L45yHsfL.jpg,810266,item_weight,316 gram
495,https://m.media-amazon.com/images/I/7179JK26-1L.jpg,893692,item_weight,2.9 kilogram
496,https://m.media-amazon.com/images/I/719skH5g3DL.jpg,299791,item_weight,10.3 gram
497,https://m.media-amazon.com/images/I/81L5nXqWeLL.jpg,731432,item_weight,8.0 kilogram
498,https://m.media-amazon.com/images/I/61m-jQu+ZaL.jpg,558832,item_weight,1.0 gram
499,https://m.media-amazon.com/images/I/71yqw2dcvCL.jpg,601746,item_weight,"[11.0, 12.0] ounce"
500,https://m.media-amazon.com/images/I/51osfJX-RKL.jpg,483370,item_weight,10.0 gram
501,https://m.media-amazon.com/images/I/71cSLrQ6LrL.jpg,630869,item_weight,19.2 gram
502,https://m.media-amazon.com/images/I/71yBp56rqoL.jpg,932012,item_weight,2.4 gram
503,https://m.media-amazon.com/images/I/71RIelu5DKL.jpg,932012,item_weight,8.0 kilogram
504,https://m.media-amazon.com/images/I/61IjAvkDTfL.jpg,932012,item_weight,4.0 ounce
505,https://m.media-amazon.com/images/I/716moDrkaoL.jpg,181357,item_weight,12.0 pound
506,https://m.media-amazon.com/images/I/71fUbmGV03S.jpg,658003,item_weight,5.0 gram
507,https://m.media-amazon.com/images/I/91+No1yJ4tL.jpg,281678,item_volume,"[70.0, 100.0] millilitre"
508,https://m.media-amazon.com/images/I/71W7WvEFKhL.jpg,179080,voltage,36.0 volt
509,https://m.media-amazon.com/images/I/71GzvcDB6lL.jpg,801829,item_weight,150.0 kilogram
510,https://m.media-amazon.com/images/I/81zIAhFrnzL.jpg,449021,item_weight,10.0 ounce
511,https://m.media-amazon.com/images/I/51rkj-m8XgL.jpg,730429,item_weight,0.0 gram
512,https://m.media-amazon.com/images/I/71WXaLncyzL.jpg,810266,item_weight,340.0 gram
513,https://m.media-amazon.com/images/I/71dyB6APhAL.jpg,459516,item_weight,60.0 gram
514,https://m.media-amazon.com/images/I/81SkA+MLX-L.jpg,459516,item_weight,266.0 gram
515,https://m.media-amazon.com/images/I/81ov5-nfGNL.jpg,459516,item_weight,60.0 gram
516,https://m.media-amazon.com/images/I/71gvmYk-SzL.jpg,241608,item_weight,16.0 gram
517,https://m.media-amazon.com/images/I/71SkD9omPEL.jpg,299791,item_weight,14.2 gram
518,https://m.media-amazon.com/images/I/61iEby7IFnL.jpg,237000,item_weight,180.0 gram
519,https://m.media-amazon.com/images/I/61XtmD4218L.jpg,483370,item_weight,1.1 pound
520,https://m.media-amazon.com/images/I/1yw53vfQtS.jpg,179080,voltage,25.0 volt
521,https://m.media-amazon.com/images/I/61kZYqMZkBL.jpg,955292,wattage,20.0 watt
522,https://m.media-amazon.com/images/I/71ig4HmyXxL.jpg,898898,item_weight,2.0 kilogram
523,https://m.media-amazon.com/images/I/71LLYpCs8aL.jpg,630390,item_weight,152 gram
524,https://m.media-amazon.com/images/I/71spx008DVL.jpg,630390,item_weight,152 gram
525,https://m.media-amazon.com/images/I/715+3IvBqDL.jpg,630390,item_weight,152 gram
526,https://m.media-amazon.com/images/I/810DaIixzVL.jpg,630390,item_weight,152 gram
527,https://m.media-amazon.com/images/I/81jWJ27eORL.jpg,810266,item_weight,235 gram
528,https://m.media-amazon.com/images/I/51n6jNqdQ+L.jpg,993359,item_weight,1.76 ounce
529,https://m.media-amazon.com/images/I/71hQMF-ovpL.jpg,204245,maximum_weight_recommendation,25 kilogram
530,https://m.media-amazon.com/images/I/81Md2Rf0jNL.jpg,347404,item_weight,4.5 kilogram
531,https://m.media-amazon.com/images/I/81XOwrnEzWL.jpg,929999,item_weight,80 gram
532,https://m.media-amazon.com/images/I/81vEMGOaA+L.jpg,929999,item_weight,30 pound
533,https://m.media-amazon.com/images/I/61tSt4Z432L.jpg,524635,item_weight,5 millilitre
534,https://m.media-amazon.com/images/I/61bgCqNKgjL.jpg,524635,item_weight,5 millilitre
535,https://m.media-amazon.com/images/I/610bLFQIS3L.jpg,442321,item_weight,15.0 kilogram
536,https://m.media-amazon.com/images/I/610bLFQIS3L.jpg,442321,height,95.0 centimetre
537,https://m.media-amazon.com/images/I/81qszCTb+bL.jpg,459516,item_weight,10000 milligram
538,https://m.media-amazon.com/images/I/81XGHPJXaxL.jpg,459516,item_weight,10000 milligram
539,https://m.media-amazon.com/images/I/81TggckMRtL.jpg,459516,item_weight,10000 milligram
540,https://m.media-amazon.com/images/I/91YHYuLs6YL.jpg,459516,item_weight,10000 milligram
541,https://m.media-amazon.com/images/I/61veU4csGzL.jpg,752266,item_weight,2.4 gram
542,https://m.media-amazon.com/images/I/61aC-VmOwyL.jpg,730429,item_weight,235.0 gram
543,https://m.media-amazon.com/images/I/41L36Xmjq1L.jpg,299791,item_weight,6.1 gram
544,https://m.media-amazon.com/images/I/71mCI1CckQL.jpg,459516,item_volume,699.0 litre
545,https://m.media-amazon.com/images/I/616gIYem7lL.jpg,523149,item_weight,2.0 gram
546,https://m.media-amazon.com/images/I/61MlQO3L2HL.jpg,347404,item_weight,3.7 gram
547,https://m.media-amazon.com/images/I/71zHdpfjROL.jpg,628971,item_weight,1 kilogram
548,https://m.media-amazon.com/images/I/61t775ZzpUL.jpg,529606,item_weight,104 gram
549,https://m.media-amazon.com/images/I/61s4RS00gZL.jpg,529606,item_weight,623 gram
550,https://m.media-amazon.com/images/I/71hs5hR0HCL.jpg,529606,item_weight,623 gram
551,https://m.media-amazon.com/images/I/61d2+FXZgFL.jpg,993359,item_weight,350 gram
552,https://m.media-amazon.com/images/I/51U1AUHfy4S.jpg,752266,wattage,10.0 watt
553,https://m.media-amazon.com/images/I/619IwgmE7vL.jpg,844474,item_weight,0.65 kilogram
554,https://m.media-amazon.com/images/I/6136jV+MAhL.jpg,179080,item_weight,10.3 kilogram
555,https://m.media-amazon.com/images/I/71PpDivTGBL.jpg,681445,item_weight,9361.0 ton
556,https://m.media-amazon.com/images/I/81mop7vG17L.jpg,483370,item_weight,2.4 gram
557,https://m.media-amazon.com/images/I/51vjHJDkFSL.jpg,523149,item_weight,2.1 gram
558,https://m.media-amazon.com/images/I/71bpiR8cdvL.jpg,483370,item_weight,209.0 gram
559,https://m.media-amazon.com/images/I/51zsbF57xoL.jpg,916768,item_weight,0.69 kilogram
560,https://m.media-amazon.com/images/I/81EQ4y+tcVL.jpg,881883,item_weight,200.0 gram
561,https://m.media-amazon.com/images/I/71OYbcdjB+L.jpg,731432,item_weight,360.0 gram
562,https://m.media-amazon.com/images/I/71j8SpEJsQL.jpg,731432,item_weight,360.0 gram
563,https://m.media-amazon.com/images/I/81am0nSNV8L.jpg,731432,item_weight,360.0 gram
564,https://m.media-amazon.com/images/I/812FQj5EuzL.jpg,731432,item_weight,360.0 gram
565,https://m.media-amazon.com/images/I/71M8-w9P5CL.jpg,731432,item_weight,5.0 gram
566,https://m.media-amazon.com/images/I/81OUHPLuGXL.jpg,731432,item_weight,13.0 gram
567,https://m.media-amazon.com/images/I/61p6X5pAh2L.jpg,523149,item_weight,8.0 gram
568,https://m.media-amazon.com/images/I/61K8Ua5gvkS.jpg,276700,wattage,1800.0 watt
569,https://m.media-amazon.com/images/I/818hmVQLFPL.jpg,120219,maximum_weight_recommendation,180.0 milligram
570,https://m.media-amazon.com/images/I/71TXss3FDIL.jpg,459516,item_weight,1800.0 milligram
571,https://m.media-amazon.com/images/I/81R3NVEl7WL.jpg,459516,item_weight,1800.0 milligram
572,https://m.media-amazon.com/images/I/812FE4kIZ8L.jpg,459516,item_weight,1800.0 milligram
573,https://m.media-amazon.com/images/I/91vaXlvP39L.jpg,459516,item_weight,1800.0 milligram
574,https://m.media-amazon.com/images/I/716zx9BQQrL.jpg,459516,item_weight,1800.0 milligram
575,https://m.media-amazon.com/images/I/71eUZfBrU0L.jpg,523149,item_weight,0.43 ounce
576,https://m.media-amazon.com/images/I/71ZdsMss0IL.jpg,529606,item_weight,1.0 gram
577,https://m.media-amazon.com/images/I/616SlISCmCL.jpg,529606,item_weight,1.0 gram
578,https://m.media-amazon.com/images/I/91CowFswP-L.jpg,130591,item_weight,661.0 pound
579,https://m.media-amazon.com/images/I/71mVVuk+3+L.jpg,557758,item_volume,100.0 millilitre
580,https://m.media-amazon.com/images/I/51DBKW1-ZfL.jpg,281678,item_weight,1.0 kilogram
581,https://m.media-amazon.com/images/I/61OAxi2VMaL.jpg,459516,item_volume,30.0 millilitre
582,https://m.media-amazon.com/images/I/518DkfrkDyL.jpg,311997,item_weight,10.0 kilogram
583,https://m.media-amazon.com/images/I/91t88+lMXlL.jpg,411423,item_weight,227.0 gram
584,https://m.media-amazon.com/images/I/81uOqJUfZKL.jpg,589105,item_weight,2.0 ton
585,https://m.media-amazon.com/images/I/61Ppw3UyazL.jpg,630869,item_weight,23.0 gram
586,https://m.media-amazon.com/images/I/811oWxn25JL.jpg,107694,item_weight,55.0 pound
587,https://m.media-amazon.com/images/I/91xCTMzhWgL.jpg,107694,item_weight,55.0 pound
588,https://m.media-amazon.com/images/I/51sB9UTQ3KL.jpg,299791,item_weight,23.0 gram
589,https://m.media-amazon.com/images/I/717KeUEIVHL.jpg,426261,item_weight,0.35 ounce
590,https://m.media-amazon.com/images/I/71s6un2r1yL.jpg,426261,item_weight,1.05 kilogram
591,https://m.media-amazon.com/images/I/71BPjlDfL3S.jpg,426261,item_weight,2.25 pound
592,https://m.media-amazon.com/images/I/61esWevNnyL.jpg,881883,item_weight,180.0 gram
593,https://m.media-amazon.com/images/I/61DlngDxqRL.jpg,881883,item_weight,180.0 gram
594,https://m.media-amazon.com/images/I/71g2vdmxGyL.jpg,318770,wattage,8.0 watt
595,https://m.media-amazon.com/images/I/61v9VArQTaL.jpg,397856,item_weight,90.0 microgram
596,https://m.media-amazon.com/images/I/71PZRojLfPL.jpg,397856,item_weight,90.0 microgram
597,https://m.media-amazon.com/images/I/71RB09wAHCL.jpg,397856,item_weight,90.0 microgram
598,https://m.media-amazon.com/images/I/81sYLRguQAL.jpg,375816,item_weight,16.0 kilogram
599,https://m.media-amazon.com/images/I/61JjT2SkbcL.jpg,281678,item_weight,10 gram
600,https://m.media-amazon.com/images/I/61h5PZTZzFL.jpg,630869,item_weight,15 gram
601,https://m.media-amazon.com/images/I/714uk8k9G-L.jpg,801829,maximum_weight_recommendation,20 kilogram
602,https://m.media-amazon.com/images/I/612Pfj34ezL.jpg,751532,maximum_weight_recommendation,100 kilogram
603,https://m.media-amazon.com/images/I/61I5OgWTHzS.jpg,375816,item_weight,50 gram
604,https://m.media-amazon.com/images/I/41VW9GpvXRL.jpg,810266,item_weight,59 gram
605,https://m.media-amazon.com/images/I/61UyjmaQqOL.jpg,281678,item_weight,250 gram
606,https://m.media-amazon.com/images/I/61UzwBMYl9L.jpg,281678,item_weight,250 gram
607,https://m.media-amazon.com/images/I/61Z5XF4-aIL.jpg,281678,item_weight,250 gram
608,https://m.media-amazon.com/images/I/61pIrILVODL.jpg,281678,item_weight,250 gram
609,https://m.media-amazon.com/images/I/613nE3FmFsL.jpg,281678,item_weight,250 gram
610,https://m.media-amazon.com/images/I/51RxbgdHfNL.jpg,752266,item_weight,15.0 kilogram
611,https://m.media-amazon.com/images/I/61XOUrPe5JL.jpg,459516,item_weight,500.0 milligram
612,https://m.media-amazon.com/images/I/81t1WqFA3NS.jpg,459516,item_weight,700.0 milligram
613,https://m.media-amazon.com/images/I/81K82v1j4BS.jpg,459516,item_weight,700.0 milligram
614,https://m.media-amazon.com/images/I/51QtLWzTp4L.jpg,299791,item_weight,2.6 gram
615,https://m.media-amazon.com/images/I/610lfvZw1PL.jpg,731432,item_weight,15.0 milligram
616,https://m.media-amazon.com/images/I/71yGBwOkryL.jpg,731432,item_weight,15.0 milligram
617,https://m.media-amazon.com/images/I/61peKmUAhrL.jpg,630869,item_weight,20.0 gram
618,https://m.media-amazon.com/images/I/51egJX-jygL.jpg,299791,item_weight,8.0 gram
619,https://m.media-amazon.com/images/I/61dWZVY4vgL.jpg,731432,item_weight,27.0 ounce
620,https://m.media-amazon.com/images/I/81HKYnOpDAL.jpg,373285,item_weight,99.0 gram
621,https://m.media-amazon.com/images/I/81dNhvyIQFL.jpg,373285,item_weight,99.0 gram
622,https://m.media-amazon.com/images/I/81OqzXDSCmL.jpg,373285,item_weight,99.0 gram
623,https://m.media-amazon.com/images/I/81T2bEkNmTL.jpg,373285,item_weight,99.0 gram
624,https://m.media-amazon.com/images/I/91p4-BYgVoL.jpg,373285,item_weight,396.0 gram
625,https://m.media-amazon.com/images/I/71YgdZYVn9L.jpg,373285,item_weight,99.0 gram
626,https://m.media-amazon.com/images/I/81bmDxNlJPL.jpg,373285,item_weight,99.0 gram
627,https://m.media-amazon.com/images/I/81Ev0Om2rQL.jpg,373285,item_weight,99.0 gram
628,https://m.media-amazon.com/images/I/61JWnlkwSSL.jpg,675317,item_weight,32.0 gram
629,https://m.media-amazon.com/images/I/61Cydk2KHZL.jpg,844474,item_weight,1.2 pound
630,https://m.media-amazon.com/images/I/619+PT-LlsL.jpg,373285,item_volume,128.0 fluid ounce
631,https://m.media-amazon.com/images/I/717iuHuDG4L.jpg,373285,item_volume,128.0 fluid ounce
632,https://m.media-amazon.com/images/I/61pfSJr2FmL.jpg,459516,item_volume,10.0 millilitre
633,https://m.media-amazon.com/images/I/61kIRPnUnVL.jpg,459516,item_volume,10.0 millilitre
634,https://m.media-amazon.com/images/I/71MnmIz6W1L.jpg,459516,item_volume,10.0 millilitre
635,https://m.media-amazon.com/images/I/71AKNNbNDBL.jpg,459516,item_volume,10.0 millilitre
636,https://m.media-amazon.com/images/I/61SGOCbfjWL.jpg,928606,item_weight,4.4 pound
637,https://m.media-amazon.com/images/I/812xgMyqYYL.jpg,523149,item_weight,2.9 gram
638,https://m.media-amazon.com/images/I/813yFu+vt1L.jpg,487566,item_weight,35.0 pound
639,https://m.media-amazon.com/images/I/71TPzyps42L.jpg,487566,item_weight,725.0 gram
640,https://m.media-amazon.com/images/I/71yMHX+ppyL.jpg,179080,wattage,500.0 watt
641,https://m.media-amazon.com/images/I/71yMHX+ppyL.jpg,179080,voltage,48.0 volt
642,https://m.media-amazon.com/images/I/81TRyizCNWL.jpg,752266,voltage,12.0 volt
643,https://m.media-amazon.com/images/I/61H0snVm4jL.jpg,524635,item_weight,200.0 gram
644,https://m.media-amazon.com/images/I/71FtK6Af8DL.jpg,524635,item_weight,200.0 gram
645,https://m.media-amazon.com/images/I/61TPGrJHRpL.jpg,881883,item_weight,106.0 gram
646,https://m.media-amazon.com/images/I/71BAZevNH-L.jpg,881883,item_weight,3.6 ounce
647,https://m.media-amazon.com/images/I/515Ye+2zX7L.jpg,442321,item_weight,71.2 pound
648,https://m.media-amazon.com/images/I/31aNgDKo7CL.jpg,373285,item_weight,4.0 gram
649,https://m.media-amazon.com/images/I/61ZTg59QmBL.jpg,810266,item_weight,1208.0 gram
650,https://m.media-amazon.com/images/I/71cru9igj0L.jpg,601746,item_weight,360.0 pound
651,https://m.media-amazon.com/images/I/61X1Jri6F0L.jpg,120569,item_weight,250 gram
652,https://m.media-amazon.com/images/I/61WyBc87vdL.jpg,630390,item_weight,1.1 pound
653,https://m.media-amazon.com/images/I/71lU5AOwVgL.jpg,281678,item_weight,100 gram
654,https://m.media-amazon.com/images/I/81qwXzAaxPL.jpg,281678,item_weight,100 gram
655,https://m.media-amazon.com/images/I/81Sp23t4mhL.jpg,281678,item_weight,100 gram
656,https://m.media-amazon.com/images/I/91OyqfSMgrL.jpg,281678,item_weight,100 gram
657,https://m.media-amazon.com/images/I/61NkLpxQLzL.jpg,630869,item_weight,14 gram
658,https://m.media-amazon.com/images/I/61kmi1O2SSL.jpg,993359,item_weight,150 gram
659,https://m.media-amazon.com/images/I/51V6okXxUOL.jpg,993359,item_weight,100 gram
660,https://m.media-amazon.com/images/I/61+cG18kPrL.jpg,299791,item_weight,3.3 gram
661,https://m.media-amazon.com/images/I/81VGd3sNuAL.jpg,601746,item_weight,300.0 kilogram
662,https://m.media-amazon.com/images/I/61BMmDbNW8L.jpg,641642,wattage,1500.0 watt
663,https://m.media-amazon.com/images/I/61SjSrquWnL.jpg,150913,item_weight,15.7 kilogram
664,https://m.media-amazon.com/images/I/81WXYcWpDNL.jpg,373285,item_weight,800.0 gram
665,https://m.media-amazon.com/images/I/61EdTkkJAnL.jpg,373285,item_weight,800.0 gram
666,https://m.media-amazon.com/images/I/51jkcTsQHeL.jpg,934747,item_weight,0.13 kilogram
667,https://m.media-amazon.com/images/I/71czb5s-NxL.jpg,308856,item_weight,40.0 gram
668,https://m.media-amazon.com/images/I/81sghh1kUNL.jpg,730429,item_weight,730.0 gram
669,https://m.media-amazon.com/images/I/51k7GMS8dgL.jpg,630869,item_weight,12.5 gram
670,https://m.media-amazon.com/images/I/51k7GMS8dgL.jpg,630869,depth,21.0 centimetre
671,https://m.media-amazon.com/images/I/51UUdyAqaZL.jpg,523149,item_weight,10.0 gram
672,https://m.media-amazon.com/images/I/71ywoKFO9lL.jpg,107694,item_weight,"[17.0, 21.0] kilogram"
673,https://m.media-amazon.com/images/I/71q+au3LqHL.jpg,107694,item_weight,"[13.0, 16.0] kilogram"
674,https://m.media-amazon.com/images/I/71ZiiJEYn5L.jpg,107694,item_weight,"[13.0, 16.0] kilogram"
675,https://m.media-amazon.com/images/I/61O-9hl5ayL.jpg,523149,item_weight,8.0 gram
676,https://m.media-amazon.com/images/I/81KfxXADuIL.jpg,459516,item_volume,250.0 millilitre
677,https://m.media-amazon.com/images/I/71TzqIK-WgL.jpg,459516,item_volume,250.0 millilitre
678,https://m.media-amazon.com/images/I/81K-B8r5BsL.jpg,459516,item_volume,250.0 millilitre
679,https://m.media-amazon.com/images/I/7158PfqYzlL.jpg,459516,item_volume,250.0 millilitre
680,https://m.media-amazon.com/images/I/71BxBLZ06XL.jpg,459516,item_volume,250.0 millilitre
681,https://m.media-amazon.com/images/I/71GUWPpa+zL.jpg,459516,item_volume,250.0 millilitre
682,https://m.media-amazon.com/images/I/71GYnpwMuxL.jpg,459516,item_volume,250.0 millilitre
683,https://m.media-amazon.com/images/I/6153D7HI++L.jpg,523149,item_weight,21.1 gram
684,https://m.media-amazon.com/images/I/719q6wVfH7L.jpg,881883,item_weight,776.58 gram
685,https://m.media-amazon.com/images/I/7155YmXbrxL.jpg,442321,item_weight,35.0 kilogram
686,https://m.media-amazon.com/images/I/91m+wA05MDL.jpg,748919,item_weight,200 gram
687,https://m.media-amazon.com/images/I/717Xb-XhlxL.jpg,308856,item_weight,1.5 kilogram
688,https://m.media-amazon.com/images/I/719eCXnYG8L.jpg,204245,maximum_weight_recommendation,240 kilogram
689,https://m.media-amazon.com/images/I/51SxHQR55hL.jpg,558374,item_weight,960 gram
690,https://m.media-amazon.com/images/I/81NSyNfKwHL.jpg,529606,item_weight,10 ounce
691,https://m.media-amazon.com/images/I/810ryosCrBL.jpg,752266,wattage,60.0 watt
692,https://m.media-amazon.com/images/I/81jAGgqcprL.jpg,932012,item_weight,50.0 pound
693,https://m.media-amazon.com/images/I/71+75wp1BQL.jpg,459516,item_volume,4.0 quart
694,https://m.media-amazon.com/images/I/81rV4magOQL.jpg,459516,item_volume,4.0 quart
695,https://m.media-amazon.com/images/I/81I7yPIQRXL.jpg,459516,item_volume,4.0 quart
696,https://m.media-amazon.com/images/I/71AcfRPe4ML.jpg,701880,item_weight,0.423 ounce
697,https://m.media-amazon.com/images/I/51dRl-DGzXL.jpg,529606,item_weight,84200701.0 ounce
698,https://m.media-amazon.com/images/I/71GWjF21cIL.jpg,396159,item_weight,0.14 pound
699,https://m.media-amazon.com/images/I/61FiMnTBJPL.jpg,237000,item_weight,3.0 gram
700,https://m.media-amazon.com/images/I/51v+SyNEojL.jpg,630869,item_weight,24.0 gram
701,https://m.media-amazon.com/images/I/81xEx2YLEKL.jpg,208023,item_weight,300.0 gram
702,https://m.media-amazon.com/images/I/91k8WfFJKFL.jpg,152057,item_weight,199.0 gram
703,https://m.media-amazon.com/images/I/81wg1ednG8L.jpg,152057,item_weight,22.0 gram
704,https://m.media-amazon.com/images/I/31UmFlrQMDL.jpg,752266,wattage,2.4 watt
705,https://m.media-amazon.com/images/I/516DgZz4h1L.jpg,675317,item_weight,25.0 gram
706,https://m.media-amazon.com/images/I/81UdkupMS5L.jpg,237000,item_weight,200.0 kilogram
707,https://m.media-amazon.com/images/I/81pJRjDdKWL.jpg,589105,item_weight,4.0 ton
708,https://m.media-amazon.com/images/I/71BszUAOVeL.jpg,752266,voltage,110.0 volt
709,https://m.media-amazon.com/images/I/71BszUAOVeL.jpg,752266,wattage,60.0 watt
710,https://m.media-amazon.com/images/I/61zyJdPYp8L.jpg,611510,item_weight,9.2 pound
711,https://m.media-amazon.com/images/I/61MMxSMDSnL.jpg,866516,item_weight,5.78 ounce
712,https://m.media-amazon.com/images/I/71aSE8GfbQL.jpg,752266,voltage,250.0 volt
713,https://m.media-amazon.com/images/I/71vCZl9YsoL.jpg,296366,item_weight,585.0 gram
714,https://m.media-amazon.com/images/I/51h158W09aL.jpg,299791,item_weight,9.0 gram
715,https://m.media-amazon.com/images/I/712C6JW0heL.jpg,881883,item_weight,35.0 gram
716,https://m.media-amazon.com/images/I/71Gg3AbMgWL.jpg,459516,item_weight,200.0 gram
717,https://m.media-amazon.com/images/I/719duvKDOzL.jpg,459516,item_weight,200.0 gram
718,https://m.media-amazon.com/images/I/71Ys7cCIZQL.jpg,459516,item_weight,200.0 gram
719,https://m.media-amazon.com/images/I/71xLmDGNG7L.jpg,459516,item_weight,2000.0 milligram
720,https://m.media-amazon.com/images/I/71s7dJmtEsL.jpg,459516,item_weight,2000.0 milligram
721,https://m.media-amazon.com/images/I/71Svyb9HpEL.jpg,186035,voltage,230.0 volt
722,https://m.media-amazon.com/images/I/716eknov7+L.jpg,186035,voltage,"[11.0, 17.0] volt"
723,https://m.media-amazon.com/images/I/71HMCudrCOL.jpg,186035,voltage,18.0 volt
724,https://m.media-amazon.com/images/I/61yX+n1ZMYL.jpg,459516,item_weight,1000 milligram
725,https://m.media-amazon.com/images/I/81OADShP8gL.jpg,993359,item_weight,280.0 gram
726,https://m.media-amazon.com/images/I/51fVq92ErcL.jpg,299791,item_weight,3.6 gram
727,https://m.media-amazon.com/images/I/71xAWk0XsnL.jpg,630869,item_weight,9.82 gram
728,https://m.media-amazon.com/images/I/71IY2xT4jJL.jpg,449021,item_weight,1.25 kilogram
729,https://m.media-amazon.com/images/I/61FgU1udKrL.jpg,449021,item_weight,35.0 kilogram
730,https://m.media-amazon.com/images/I/71VpfZW1SLL.jpg,767202,item_weight,2.0 ounce
731,https://m.media-amazon.com/images/I/81qqZn5YUkL.jpg,918474,item_weight,265.0 gram
732,https://m.media-amazon.com/images/I/71VMb+D0c-L.jpg,281678,item_weight,3.17 ounce
733,https://m.media-amazon.com/images/I/61XhSckZ44L.jpg,281678,item_weight,750.0 gram
734,https://m.media-amazon.com/images/I/71AnpuM4GTS.jpg,507848,item_weight,16.0 kilogram
735,https://m.media-amazon.com/images/I/71BOruH-uEL.jpg,275506,item_weight,2023.0 ounce
736,https://m.media-amazon.com/images/I/71lLoq0s+JL.jpg,767202,item_weight,179.0 kilogram
737,https://m.media-amazon.com/images/I/812lr7CRloL.jpg,179080,wattage,250.0 watt
738,https://m.media-amazon.com/images/I/81YEhrtinRL.jpg,487566,item_weight,280.0 gram
739,https://m.media-amazon.com/images/I/713ItVv9dBL.jpg,281678,item_weight,2.82 ounce
740,https://m.media-amazon.com/images/I/81msQqEHvkL.jpg,281678,item_weight,2.82 ounce
741,https://m.media-amazon.com/images/I/51kPmvIK17L.jpg,501250,item_weight,1000.0 gram
742,https://m.media-amazon.com/images/I/71im-qgSuNL.jpg,179080,item_weight,24.5 kilogram
743,https://m.media-amazon.com/images/I/614aBp6QwxL.jpg,299791,item_weight,6.9 gram
744,https://m.media-amazon.com/images/I/71VtVp8FCxL.jpg,801829,maximum_weight_recommendation,270 pound
745,https://m.media-amazon.com/images/I/412yk16tNVL.jpg,524635,item_weight,200 millilitre
746,https://m.media-amazon.com/images/I/4106TRNhGwL.jpg,488883,maximum_weight_recommendation,285 pound
747,https://m.media-amazon.com/images/I/61mtruRlylL.jpg,549052,item_weight,200 gram
748,https://m.media-amazon.com/images/I/71MbYieuadL.jpg,675317,item_weight,1.59 ounce
749,https://m.media-amazon.com/images/I/81CpQaQQ2WL.jpg,630869,item_weight,3.4 gram
750,https://m.media-amazon.com/images/I/81X+rcXk3wL.jpg,365637,item_weight,3.2 gram
751,https://m.media-amazon.com/images/I/81PgvYJUh8L.jpg,365637,item_weight,3.2 gram
752,https://m.media-amazon.com/images/I/810eXVEJZ6L.jpg,844474,item_weight,0.41 kilogram
753,https://m.media-amazon.com/images/I/61bh39XwruL.jpg,120219,maximum_weight_recommendation,65.0 ton
754,https://m.media-amazon.com/images/I/61-hjAWHgXL.jpg,675317,item_weight,95.6 gram
755,https://m.media-amazon.com/images/I/61Rq6zd5cGL.jpg,107694,item_weight,220.0 gram
756,https://m.media-amazon.com/images/I/71hUVgmX05L.jpg,767202,item_weight,2.0 ounce
757,https://m.media-amazon.com/images/I/71scZ1a0PKL.jpg,893692,item_weight,0.93 kilogram
758,https://m.media-amazon.com/images/I/61n5QMpPFwL.jpg,675317,item_weight,21116.0 ton
759,https://m.media-amazon.com/images/I/71vdEjoPA9L.jpg,589105,item_weight,382.2 gram
760,https://m.media-amazon.com/images/I/71N-odnV1OL.jpg,881883,item_weight,85.0 ton
761,https://m.media-amazon.com/images/I/61TEY5m2GgL.jpg,752266,wattage,50.0 watt
762,https://m.media-amazon.com/images/I/81arbJffdPL.jpg,752266,wattage,50.0 watt
763,https://m.media-amazon.com/images/I/71ZmYw6CTYL.jpg,752266,wattage,50.0 watt
764,https://m.media-amazon.com/images/I/7136MqXmKCL.jpg,752266,wattage,50.0 watt
765,https://m.media-amazon.com/images/I/71JQ5jxcFUL.jpg,752266,wattage,50.0 watt
766,https://m.media-amazon.com/images/I/91mAaKY+tkL.jpg,752266,wattage,50.0 watt
767,https://m.media-amazon.com/images/I/717AMtZbXbL.jpg,648011,voltage,120.0 volt
768,https://m.media-amazon.com/images/I/71gvsL8zlUL.jpg,267482,item_weight,88.0 ounce
769,https://m.media-amazon.com/images/I/71TjRQeA5LL.jpg,267482,item_weight,25.0 gram
770,https://m.media-amazon.com/images/I/81z7P2gwixL.jpg,267482,item_weight,0.88 ounce
771,https://m.media-amazon.com/images/I/71Edx6LSxlL.jpg,752266,voltage,"[220.0, 250.0] volt"
772,https://m.media-amazon.com/images/I/61ETboRFtwL.jpg,630869,item_weight,14.0 gram
773,https://m.media-amazon.com/images/I/7164gBo7pIL.jpg,449021,item_weight,4.0 ounce
774,https://m.media-amazon.com/images/I/51lkLsVVJEL.jpg,449021,item_weight,8.0 ounce
775,https://m.media-amazon.com/images/I/71-49YiwCdL.jpg,449021,item_weight,4.0 ounce
776,https://m.media-amazon.com/images/I/510xjPqPekL.jpg,523149,item_weight,6.5 gram
777,https://m.media-amazon.com/images/I/71zDKHJ9KwL.jpg,993359,item_weight,35.0 gram
778,https://m.media-amazon.com/images/I/61OrBpekpSS.jpg,318770,wattage,600.0 watt
779,https://m.media-amazon.com/images/I/61nvpKZkEeL.jpg,529606,item_weight,7 ounce
780,https://m.media-amazon.com/images/I/61auEGee5PL.jpg,529606,item_weight,200 gram
781,https://m.media-amazon.com/images/I/61m+YZC-Y1L.jpg,529606,item_weight,200 gram
782,https://m.media-amazon.com/images/I/71xKWiyY7hS.jpg,731432,item_weight,284 gram
783,https://m.media-amazon.com/images/I/51+Nlfuj0kL.jpg,731432,item_weight,10 ounce
784,https://m.media-amazon.com/images/I/61ihd4f5upL.jpg,245959,item_weight,0.65 kilogram
785,https://m.media-amazon.com/images/I/8180lCAlYaL.jpg,483370,item_weight,0.1 gram
786,https://m.media-amazon.com/images/I/61r7Vx4HOKL.jpg,752266,wattage,42.0 watt
787,https://m.media-amazon.com/images/I/51BbDAFIyLL.jpg,523149,item_weight,1.0 gram
788,https://m.media-amazon.com/images/I/71olNwJozHL.jpg,507467,item_weight,174.0 gram
789,https://m.media-amazon.com/images/I/71w4aIH8Q4L.jpg,416664,item_weight,950.0 gram
790,https://m.media-amazon.com/images/I/51+K7AR590L.jpg,675317,item_weight,32.0 gram
791,https://m.media-amazon.com/images/I/81mCWNX3v8L.jpg,844474,item_weight,725.0 gram
792,https://m.media-amazon.com/images/I/71FFDr0ZNSL.jpg,523149,item_weight,2.7 gram
793,https://m.media-amazon.com/images/I/61BGKRq2UyL.jpg,318770,wattage,18.0 watt
794,https://m.media-amazon.com/images/I/61HykAloCmL.jpg,523149,item_weight,18.5 gram
795,https://m.media-amazon.com/images/I/71lUKpOx3RL.jpg,375816,item_weight,135.0 ounce
796,https://m.media-amazon.com/images/I/61m2NlKkpAL.jpg,507467,item_weight,2.29 ounce
797,https://m.media-amazon.com/images/I/61vpGT+2PjL.jpg,932012,item_weight,"[1.0, 2.0] gram"
798,https://m.media-amazon.com/images/I/615svlFid7L.jpg,412008,wattage,3.0 horsepower
799,https://m.media-amazon.com/images/I/71242FFd6tL.jpg,107694,item_weight,"[7.0, 25.0] kilogram"
800,https://m.media-amazon.com/images/I/71cBwKE6JgL.jpg,752266,item_weight,3.0 ounce
801,https://m.media-amazon.com/images/I/61zxxVgB4xL.jpg,299791,item_weight,7.0 pound
802,https://m.media-amazon.com/images/I/31IzA4qnQML.jpg,281678,item_volume,100.0 millilitre
803,https://m.media-amazon.com/images/I/81FTlPvmusL.jpg,507848,item_weight,8600.0 gram
804,https://m.media-amazon.com/images/I/71F49txsC1L.jpg,523149,item_weight,15.3 gram
805,https://m.media-amazon.com/images/I/91p1UNmCN+L.jpg,752266,voltage,2.0 volt
806,https://m.media-amazon.com/images/I/71zg2mEURtL.jpg,641642,voltage,12.0 volt
807,https://m.media-amazon.com/images/I/715w2NfWfaL.jpg,641642,voltage,12.0 volt
808,https://m.media-amazon.com/images/I/71rf8-Ri2QL.jpg,369753,item_volume,1.76 fluid ounce
809,https://m.media-amazon.com/images/I/814mTOj4yVL.jpg,369753,item_volume,1.76 fluid ounce
810,https://m.media-amazon.com/images/I/81urmTQqvjL.jpg,369753,item_volume,1.76 fluid ounce
811,https://m.media-amazon.com/images/I/81-L7gQc41L.jpg,369753,item_volume,50.0 fluid ounce
812,https://m.media-amazon.com/images/I/81mQoBEUa+L.jpg,369753,item_volume,1.76 fluid ounce
813,https://m.media-amazon.com/images/I/71VKh+g-rvL.jpg,275506,item_weight,0.14 ounce
814,https://m.media-amazon.com/images/I/61gOJt1TGiL.jpg,955292,wattage,0.75 watt
815,https://m.media-amazon.com/images/I/51NRvNR4b8L.jpg,955292,wattage,0.75 watt
816,https://m.media-amazon.com/images/I/71rBXe0Dz5L.jpg,752266,wattage,60.0 watt
817,https://m.media-amazon.com/images/I/81rYCpY2LML.jpg,934747,item_weight,150.0 gram
818,https://m.media-amazon.com/images/I/715TpQt6W+L.jpg,993359,item_weight,10.0 gram
819,https://m.media-amazon.com/images/I/71T4Y+l+2NL.jpg,993359,item_weight,10.0 gram
820,https://m.media-amazon.com/images/I/71cuQqw9xQL.jpg,993359,item_weight,10.0 gram
821,https://m.media-amazon.com/images/I/81X+Z2K-KRL.jpg,558374,item_weight,1.0 kilogram
822,https://m.media-amazon.com/images/I/6103+YwyRPL.jpg,641642,wattage,750.0 watt
823,https://m.media-amazon.com/images/I/51vcuDgYTlL.jpg,397856,item_weight,5.5 milligram
824,https://m.media-amazon.com/images/I/61ubO35QGFL.jpg,318770,wattage,22.5 watt
825,https://m.media-amazon.com/images/I/71MFJQIqwSL.jpg,375816,item_weight,100 gram
826,https://m.media-amazon.com/images/I/6177BJL5URL.jpg,375816,item_weight,100 gram
827,https://m.media-amazon.com/images/I/81lSvS+dOVL.jpg,375816,item_weight,100 gram
828,https://m.media-amazon.com/images/I/61tJh2acH+L.jpg,767202,item_weight,23.0 kilogram
829,https://m.media-amazon.com/images/I/912t8Ax7QmL.jpg,993359,item_weight,100 gram
830,https://m.media-amazon.com/images/I/61QJWjxxIjL.jpg,507467,item_weight,62 gram
831,https://m.media-amazon.com/images/I/51qXSptnJwL.jpg,630869,item_weight,2 gram
832,https://m.media-amazon.com/images/I/81W5v-M7z8L.jpg,893692,item_weight,2.7 kilogram
833,https://m.media-amazon.com/images/I/51XFwp2FvjL.jpg,750220,item_weight,900 gram
834,https://m.media-amazon.com/images/I/51XXeiqPWPL.jpg,750220,item_weight,900 gram
835,https://m.media-amazon.com/images/I/61X55lcRUaL.jpg,523149,item_weight,2.1 gram
836,https://m.media-amazon.com/images/I/51lU0fJtiQL.jpg,369753,item_volume,1.69 fluid ounce
837,https://m.media-amazon.com/images/I/81TDU8LEXZL.jpg,369753,item_volume,1.69 fluid ounce
838,https://m.media-amazon.com/images/I/71pSWm0KUjL.jpg,369753,item_volume,1.69 fluid ounce
839,https://m.media-amazon.com/images/I/71pElEeQIXL.jpg,369753,item_volume,1.69 fluid ounce
840,https://m.media-amazon.com/images/I/818FyPbEQtL.jpg,433914,item_weight,120.0 gram
841,https://m.media-amazon.com/images/I/51IO9sPn3NL.jpg,130591,item_weight,750.0 gram
842,https://m.media-amazon.com/images/I/619FsVtSDIL.jpg,926285,item_weight,100.0 gram
843,https://m.media-amazon.com/images/I/71lRHgLYsnL.jpg,916768,item_weight,60.0 gram
844,https://m.media-amazon.com/images/I/61QleiqxcxL.jpg,939587,item_weight,150.0 kilogram
845,https://m.media-amazon.com/images/I/61Hxou9XK3L.jpg,365637,item_weight,300.0 gram
846,https://m.media-amazon.com/images/I/71L9CCykvzL.jpg,483370,item_weight,50.0 gram
847,https://m.media-amazon.com/images/I/61XZB7Es+XL.jpg,908443,item_weight,185.0 gram
848,https://m.media-amazon.com/images/I/51G9MFJLoYL.jpg,675317,item_weight,40.0 gram
849,https://m.media-amazon.com/images/I/71nNTLLDjxL.jpg,639090,item_weight,37.0 gram
850,https://m.media-amazon.com/images/I/91+5plCsRxL.jpg,359859,item_weight,56.0 gram
851,https://m.media-amazon.com/images/I/91MhqMKy6fL.jpg,557758,item_volume,8.0 fluid ounce
852,https://m.media-amazon.com/images/I/71CteQL4iVL.jpg,318770,wattage,1080.0 horsepower
853,https://m.media-amazon.com/images/I/61rAVhH+TcL.jpg,308856,item_weight,226.0 gram
854,https://m.media-amazon.com/images/I/61Lh+DaAq3L.jpg,237000,item_weight,2.0 gram
855,https://m.media-amazon.com/images/I/712W+AtSVAL.jpg,529606,item_weight,340.0 gram
856,https://m.media-amazon.com/images/I/81hvBjMZFhL.jpg,529606,item_weight,340.0 gram
857,https://m.media-amazon.com/images/I/71OrsHMlaTL.jpg,529606,item_weight,340.0 gram
858,https://m.media-amazon.com/images/I/71L-uSvGuCL.jpg,529606,item_weight,340.0 gram
859,https://m.media-amazon.com/images/I/71lVUeMCeuL.jpg,529606,item_weight,340.0 gram
860,https://m.media-amazon.com/images/I/61dYG9+RUzL.jpg,529606,item_weight,340.0 gram
861,https://m.media-amazon.com/images/I/81Pqhbbn-jL.jpg,308856,item_weight,80 gram
862,https://m.media-amazon.com/images/I/61z7x4rG7KL.jpg,308856,item_weight,60 gram
863,https://m.media-amazon.com/images/I/61ncXtwqqkL.jpg,308856,item_weight,80 gram
864,https://m.media-amazon.com/images/I/61382WP6wjL.jpg,308856,item_weight,80 gram
865,https://m.media-amazon.com/images/I/618hJEiL2oL.jpg,965518,item_weight,1 kilogram
866,https://m.media-amazon.com/images/I/61sDQFZqpWL.jpg,630869,item_weight,50 gram
867,https://m.media-amazon.com/images/I/71e4Hqs1INL.jpg,519155,item_weight,2.3 kilogram
868,https://m.media-amazon.com/images/I/81Ln3KXUpNL.jpg,529606,item_weight,347 gram
869,https://m.media-amazon.com/images/I/812plZU9GrL.jpg,529606,item_weight,347 gram
870,https://m.media-amazon.com/images/I/91-ewnMkY0L.jpg,529606,item_weight,552 gram
871,https://m.media-amazon.com/images/I/81YeQspDQIL.jpg,529606,item_weight,552 gram
872,https://m.media-amazon.com/images/I/713zyVRNccL.jpg,529606,item_weight,552 gram
873,https://m.media-amazon.com/images/I/71kGrHosgPL.jpg,501250,item_weight,4.0 gram
874,https://m.media-amazon.com/images/I/81u1AoLGMbL.jpg,601746,item_weight,270.0 gram
875,https://m.media-amazon.com/images/I/41TEd+8R3vL.jpg,459516,item_weight,78.0 gram
876,https://m.media-amazon.com/images/I/81ed4jI0HeL.jpg,459516,item_weight,200.0 milligram
877,https://m.media-amazon.com/images/I/61XTszHwNXL.jpg,459516,item_weight,1300.0 milligram
878,https://m.media-amazon.com/images/I/81zYXx9cvSL.jpg,459516,item_weight,1300.0 milligram
879,https://m.media-amazon.com/images/I/61axXXu7H7L.jpg,767202,item_weight,5.0 kilogram
880,https://m.media-amazon.com/images/I/51f2HADG6cL.jpg,412008,wattage,4.0 watt
881,https://m.media-amazon.com/images/I/61ycW+iZrmL.jpg,731432,item_weight,24.0 milligram
882,https://m.media-amazon.com/images/I/71YZ-KoI+PL.jpg,731432,item_weight,24.0 milligram
883,https://m.media-amazon.com/images/I/71E-hAiLbDL.jpg,731432,item_weight,24.0 milligram
884,https://m.media-amazon.com/images/I/71n+PjUSO4L.jpg,731432,item_weight,24.0 milligram
885,https://m.media-amazon.com/images/I/71nxzeYZb6L.jpg,731432,item_weight,24.0 milligram
886,https://m.media-amazon.com/images/I/61SZm0CtjDL.jpg,550840,item_weight,30 gram
887,https://m.media-amazon.com/images/I/51ln6BP9WmL.jpg,847223,item_weight,45.0 gram
888,https://m.media-amazon.com/images/I/71DkTTee-IL.jpg,486636,item_weight,10.0 gram
889,https://m.media-amazon.com/images/I/61GhtcIF-qL.jpg,486636,item_weight,0.22 pound
890,https://m.media-amazon.com/images/I/71B5WoSjnvL.jpg,898898,item_weight,7.0 ounce
891,https://m.media-amazon.com/images/I/71-zCpEj1qL.jpg,397856,item_weight,1000.0 microgram
892,https://m.media-amazon.com/images/I/81BGkNhNSBL.jpg,397856,item_weight,1000.0 microgram
893,https://m.media-amazon.com/images/I/71ySmmO4EJL.jpg,397856,item_weight,1000.0 microgram
894,https://m.media-amazon.com/images/I/817tXv3r8BL.jpg,397856,item_weight,1000.0 microgram
895,https://m.media-amazon.com/images/I/810Na9YhX0L.jpg,397856,item_weight,1000.0 microgram
896,https://m.media-amazon.com/images/I/61loXH5tnfL.jpg,767202,item_weight,100.0 gram
897,https://m.media-amazon.com/images/I/61cvqR5ljmL.jpg,731432,item_weight,500.0 gram
898,https://m.media-amazon.com/images/I/61hl5FhLapL.jpg,731432,item_weight,1.1 pound
899,https://m.media-amazon.com/images/I/61mwrLWyBgL.jpg,433914,item_weight,"[135.0, 150.0] kilogram"
900,https://m.media-amazon.com/images/I/71CE2IDHBhL.jpg,892291,wattage,22.0 kilowatt
901,https://m.media-amazon.com/images/I/71T2r3Q3MsL.jpg,801829,item_weight,330.0 pound
902,https://m.media-amazon.com/images/I/71E5gwO9VlL.jpg,630869,item_weight,14.0 gram
903,https://m.media-amazon.com/images/I/81gtzl-n4RL.jpg,601746,item_weight,2.7 gram
904,https://m.media-amazon.com/images/I/714E1rkmJdS.jpg,107694,item_weight,"[5.0, 11.0] kilogram"
905,https://m.media-amazon.com/images/I/61uRP9TrzgL.jpg,107694,item_weight,"[5.0, 11.0] kilogram"
906,https://m.media-amazon.com/images/I/71BIrL6v+-L.jpg,709627,item_weight,20.7 kilogram
907,https://m.media-amazon.com/images/I/716qUzSp+GL.jpg,254449,item_weight,6.0 gram
908,https://m.media-amazon.com/images/I/81QaHqJlk4L.jpg,557758,item_volume,100.0 litre
909,https://m.media-amazon.com/images/I/71mTAlTYPkL.jpg,557758,item_volume,1913.0 decilitre
910,https://m.media-amazon.com/images/I/71b587Q02qL.jpg,557758,item_volume,100.0 millilitre
911,https://m.media-amazon.com/images/I/61J5YmUIJaL.jpg,709627,item_weight,26.0 gram
912,https://m.media-amazon.com/images/I/61raKHGO6wL.jpg,844474,item_weight,0.41 kilogram
913,https://m.media-amazon.com/images/I/71OTlklzaqL.jpg,844474,item_weight,0.7 kilogram
914,https://m.media-amazon.com/images/I/81QhmfP1KuL.jpg,459516,item_weight,500.0 milligram
915,https://m.media-amazon.com/images/I/71WmBRfDgpL.jpg,929999,item_weight,87 gram
916,https://m.media-amazon.com/images/I/51MtXM9EthL.jpg,347404,item_weight,500 gram
917,https://m.media-amazon.com/images/I/41ixUvO0yyL.jpg,675317,item_weight,789 gram
918,https://m.media-amazon.com/images/I/81KksDySJJS.jpg,459516,item_weight,45 gram
919,https://m.media-amazon.com/images/I/61lOJAhbcIL.jpg,872083,item_weight,250 gram
920,https://m.media-amazon.com/images/I/61hVqgi+7VL.jpg,872083,item_weight,250 gram
921,https://m.media-amazon.com/images/I/61QbBZkLnfL.jpg,750220,item_weight,250 gram
922,https://m.media-amazon.com/images/I/515BZIVCpcL.jpg,750220,item_weight,250 gram
923,https://m.media-amazon.com/images/I/71afq2Kye7L.jpg,630390,item_weight,3.5 pound
924,https://m.media-amazon.com/images/I/81EXdLS8h-L.jpg,630390,item_weight,3.5 pound
925,https://m.media-amazon.com/images/I/81izMNELoEL.jpg,630390,item_weight,3.5 pound
926,https://m.media-amazon.com/images/I/61T+RG7U+rL.jpg,881883,item_weight,200.0 gram
927,https://m.media-amazon.com/images/I/41v3PeFdxNL.jpg,299791,item_weight,7 gram
928,https://m.media-amazon.com/images/I/710W9hYK+wL.jpg,296953,item_weight,5.1 pound
929,https://m.media-amazon.com/images/I/51Cd+lg-fRL.jpg,709627,voltage,7.2 volt
930,https://m.media-amazon.com/images/I/61EDDQy6oCL.jpg,675317,item_weight,6.04 ounce
931,https://m.media-amazon.com/images/I/81DyBOeniPL.jpg,881883,item_weight,180.0 gram
932,https://m.media-amazon.com/images/I/71hbj+z9snL.jpg,630869,item_weight,15.0 gram
933,https://m.media-amazon.com/images/I/71mTcuXaSkL.jpg,630869,item_weight,33.0 gram
934,https://m.media-amazon.com/images/I/61TojWY-C4L.jpg,866516,item_weight,150.0 gram
935,https://m.media-amazon.com/images/I/616VlaROYVL.jpg,459516,item_weight,1500.0 milligram
936,https://m.media-amazon.com/images/I/81qglRJsSCL.jpg,459516,item_weight,100.0 milligram
937,https://m.media-amazon.com/images/I/81Z5pJ+KdQL.jpg,459516,item_weight,300.0 milligram
938,https://m.media-amazon.com/images/I/81ugxtysqwL.jpg,459516,item_weight,1500.0 milligram
939,https://m.media-amazon.com/images/I/71ow+wr-WxL.jpg,397856,item_weight,75.0 microgram
940,https://m.media-amazon.com/images/I/71Qyb84P7pL.jpg,397856,item_weight,75.0 microgram
941,https://m.media-amazon.com/images/I/51vKOZrUuWL.jpg,630869,item_weight,124.0 gram
942,https://m.media-amazon.com/images/I/714N8ChLW2L.jpg,442321,item_weight,30.8 pound
943,https://m.media-amazon.com/images/I/81tyRejHAoL.jpg,299791,item_weight,88.0 gram
944,https://m.media-amazon.com/images/I/61Q1WniHY7L.jpg,318770,wattage,30.0 watt
945,https://m.media-amazon.com/images/I/612blo+TdmL.jpg,318770,wattage,100.0 watt
946,https://m.media-amazon.com/images/I/7156NqPf4UL.jpg,318770,wattage,100.0 watt
947,https://m.media-amazon.com/images/I/71W-7z79UXL.jpg,487566,item_weight,500.0 gram
948,https://m.media-amazon.com/images/I/71OEmk050TL.jpg,179080,voltage,48.0 volt
949,https://m.media-amazon.com/images/I/71GplQHvFHL.jpg,140266,voltage,5.0 volt
950,https://m.media-amazon.com/images/I/41ox7q1GfeS.jpg,375816,item_weight,1.1 kilogram
951,https://m.media-amazon.com/images/I/71XofISRPKL.jpg,180410,item_weight,335.0 gram
952,https://m.media-amazon.com/images/I/81XQQ9GZ6JL.jpg,449805,item_weight,300.0 gram
953,https://m.media-amazon.com/images/I/81DHNf2tAqL.jpg,751532,item_weight,1000.0 kilogram
954,https://m.media-amazon.com/images/I/713jzNEUB-L.jpg,507619,item_weight,15.0 kilogram
955,https://m.media-amazon.com/images/I/919iohKOj3L.jpg,641642,wattage,6.0 watt
956,https://m.media-amazon.com/images/I/919iohKOj3L.jpg,641642,voltage,30.0 volt
957,https://m.media-amazon.com/images/I/51srFClApSS.jpg,329793,item_weight,90.0 gram
958,https://m.media-amazon.com/images/I/812nFRKc3ZL.jpg,375816,item_weight,14.0 kilogram
959,https://m.media-amazon.com/images/I/71ol5lnXxEL.jpg,375816,item_weight,1000.0 gram
960,https://m.media-amazon.com/images/I/416elBjUq+L.jpg,866516,item_weight,80.0 gram
961,https://m.media-amazon.com/images/I/71xiI3nSZXL.jpg,273748,item_weight,260 gram
962,https://m.media-amazon.com/images/I/81BBTJ2EKQL.jpg,993359,item_weight,100 gram
963,https://m.media-amazon.com/images/I/61jL314WH-L.jpg,933453,maximum_weight_recommendation,25 kilogram
964,https://m.media-amazon.com/images/I/61tbe7Mv9gL.jpg,933453,maximum_weight_recommendation,10 kilogram to 25 kilogram
965,https://m.media-amazon.com/images/I/71oH5VSC0SL.jpg,731432,item_weight,300 gram
966,https://m.media-amazon.com/images/I/619cPZMqL7L.jpg,731432,item_weight,3 gram
967,https://m.media-amazon.com/images/I/71dLgqAP2oL.jpg,731432,item_weight,3 gram
968,https://m.media-amazon.com/images/I/71bhljDcpCL.jpg,731432,item_weight,2.25 gram
969,https://m.media-amazon.com/images/I/91PpW85bF2L.jpg,993359,item_weight,200 gram
970,https://m.media-amazon.com/images/I/51vQP-j5FCL.jpg,993359,item_weight,250 gram
971,https://m.media-amazon.com/images/I/61BUjgmlyJL.jpg,267482,item_weight,500 gram
972,https://m.media-amazon.com/images/I/618l4mIrQ-L.jpg,120569,item_weight,20 kilogram
973,https://m.media-amazon.com/images/I/31vXMcB9+oL.jpg,993359,item_weight,100 gram
974,https://m.media-amazon.com/images/I/61B7TGhqTBL.jpg,529606,item_weight,1 gram
975,https://m.media-amazon.com/images/I/712e3Ow6vHL.jpg,639090,item_weight,20.0 gram
976,https://m.media-amazon.com/images/I/51YfTCUszCL.jpg,630869,item_weight,15.5 gram
977,https://m.media-amazon.com/images/I/51YfTCUszCL.jpg,630869,depth,20.5 centimetre
978,https://m.media-amazon.com/images/I/61ZbG2IrjEL.jpg,630869,item_weight,23.0 gram
979,https://m.media-amazon.com/images/I/81TTiqQu4CL.jpg,523149,item_weight,4.5 gram
980,https://m.media-amazon.com/images/I/512o5+oehqL.jpg,955292,wattage,1080.0 horsepower
981,https://m.media-amazon.com/images/I/81d3G1swzjL.jpg,308856,item_weight,14 kilogram
982,https://m.media-amazon.com/images/I/81VgtZjprtL.jpg,308856,item_weight,14 kilogram
983,https://m.media-amazon.com/images/I/51Mdsk5W9KL.jpg,299791,item_weight,9 gram
984,https://m.media-amazon.com/images/I/81XSbNecTKL.jpg,731432,item_weight,320 gram
985,https://m.media-amazon.com/images/I/71TZDC-+1+L.jpg,953031,item_weight,5.8 gram
986,https://m.media-amazon.com/images/I/71vRukoFT3L.jpg,953031,item_weight,5.8 gram
987,https://m.media-amazon.com/images/I/51NUferrVrL.jpg,737148,item_weight,0.0 pound
988,https://m.media-amazon.com/images/I/61JI3Ux9fkL.jpg,237000,item_weight,2.0 gram
989,https://m.media-amazon.com/images/I/61SidPhzVeL.jpg,641642,wattage,750.0 watt
990,https://m.media-amazon.com/images/I/61Aky4kqZjL.jpg,641642,wattage,750.0 watt
991,https://m.media-amazon.com/images/I/61Aky4kqZjL.jpg,641642,voltage,220.0 volt
992,https://m.media-amazon.com/images/I/61HF-lj-xxL.jpg,589105,item_weight,125.0 gram
993,https://m.media-amazon.com/images/I/615zQrb2jnL.jpg,483370,item_weight,1688.0 gram
994,https://m.media-amazon.com/images/I/61ZCwCtSyYL.jpg,969033,maximum_weight_recommendation,10 kilogram
995,https://m.media-amazon.com/images/I/81uget9aH4L.jpg,639090,item_weight,470 gram
996,https://m.media-amazon.com/images/I/91QvLtiYaBL.jpg,365637,item_weight,454 gram
997,https://m.media-amazon.com/images/I/81lazo6sxlL.jpg,601746,item_weight,4.0 ounce
998,https://m.media-amazon.com/images/I/81fYO+HP5QL.jpg,186035,voltage,0.5 volt
999,https://m.media-amazon.com/images/I/91a0S3O4vjL.jpg,375816,item_weight,1023.0 gram
